((B ((S +) ((S +) (+ 1)))) ((B ((S +) (+ 1))) ((S *) (+ 1)))), nan, nan, nan, nan, -6.578584065057669, -6.578480509520873, -6.815550803554377, -7.136067557698796, -7.193611373882577, -7.195470204914756, -6.9861837910930085, -7.199183966701863, -7.206570849594003, -7.199183478127917, -7.206570849594003
((B ((S +) (+ 1))) ((B ((S +) ((S +) (+ 1)))) ((S *) (+ 1)))), nan, nan, nan, nan, nan, -7.4947712413950285, -7.731841535428532, -7.423749630150576, nan, nan, nan, nan, nan, nan, nan
((B ((S +) (+ 1))) ((B (+ 1)) ((S *) (+ 1)))), nan, nan, nan, -5.756331490614692, -5.731286204670465, -6.24200827289966, -6.633229246760422, -6.730602449590631, -6.788146265774413, -6.790005096806592, -6.803862234299054, -6.793718858593699, -6.80110574148584, -6.793718370019754, -6.80110574148584
((B ((S +) (+ 1))) ((S +) ((S +) ((B (+ 1)) ((S *) (+ 1)))))), nan, nan, nan, nan, nan, -7.089306133286864, -7.0386943548685865, -7.423749630150576, -7.481293446334359, -7.888617385474701, -7.902474522967164, nan, nan, nan, nan
((B (+ 1)) ((B ((S +) (+ 1))) ((S *) (+ 1)))), nan, nan, nan, nan, -6.984049173165833, -7.089306133286864, -7.0386943548685865, -7.136067557698796, -7.193611373882577, -7.195470204914756, -7.209327342407218, -7.199183966701863, -7.206570849594003, -7.199183478127917, -7.206570849594003
((B (+ 1)) ((S +) ((S +) ((B ((S +) ((S +) (+ 1)))) ((B (+ 1)) ((B ((S +) (+ 1))) ((S *) (+ 1)))))))), nan, nan, nan, nan, nan, nan, nan, nan, nan, -7.888617385474701, -7.902474522967164, -7.8923311472618085, -7.899718030153949, -7.892330658687863, -7.899718030153949
((S +) ((B ((S +) (+ 1))) ((S +) ((B (+ 1)) ((S *) (+ 1)))))), nan, nan, nan, nan, nan, nan, nan, -7.829214738258742, -7.8867585544425225, -7.888617385474701, -7.902474522967164, -7.8923311472618085, -7.899718030153949, -7.892330658687863, -7.899718030153949
((S +) ((B ((S +) (+ 1))) ((S +) ((S +) ((S +) ((B (+ 1)) ((S *) (+ 1)))))))), nan, nan, nan, nan, nan, nan, nan, -7.829214738258742, -7.481293446334359, -7.483152277366536, -7.902474522967164, -7.8923311472618085, -7.899718030153949, -7.892330658687863, -7.899718030153949
((S +) ((S +) ((B ((S +) ((S +) (+ 1)))) ((B ((S +) (+ 1))) ((S *) (+ 1)))))), nan, nan, nan, nan, nan, nan, -7.326376427320367, -7.423749630150576, -7.8867585544425225, -7.888617385474701, -7.902474522967164, -7.8923311472618085, -7.899718030153949, -7.892330658687863, -7.899718030153949
((B (+ 1)) ((S +) ((B ((S *) (+ 1))) (+ 1)))), nan, nan, nan, nan, -6.984049173165833, -7.089306133286864, -7.326376427320367, -7.136067557698796, -7.193611373882577, -7.195470204914756, -7.209327342407218, -7.199183966701863, -7.206570849594003, -7.199183478127917, -7.206570849594003
((B (+ 1)) ((S +) ((S +) ((S +) ((S +) ((B ((S *) (+ 1))) (+ ((+ 1) 1)))))))), nan, nan, nan, nan, nan, nan, nan, -7.829214738258742, -7.481293446334359, -7.483152277366536, -7.497009414858999, -7.486866039153644, -7.494252922045784, -7.486865550579699, -7.494252922045784
((B (+ 1)) ((B (+ ((+ 1) 1))) ((B ((S +) (+ 1))) ((B (+ 1)) ((B (+ 1)) ((S *) (+ 1))))))), nan, nan, nan, nan, nan, nan, nan, nan, -7.8867585544425225, nan, -7.902474522967164, nan, -7.899718030153949, nan, -7.899718030153949
((B (+ 1)) ((B (+ ((+ 1) 1))) ((B ((S *) (+ 1))) ((S +) (+ 1))))), nan, nan, nan, nan, nan, nan, nan, -7.829214738258742, -7.481293446334359, -7.483152277366536, -7.497009414858999, -7.486866039153644, -7.494252922045784, -7.486865550579699, -7.494252922045784
((B (+ 1)) ((B (+ ((+ 1) 1))) ((B ((S +) (+ 1))) (((S B) (S *)) (+ ((+ 1) 1)))))), nan, nan, nan, nan, nan, nan, nan, nan, -7.8867585544425225, nan, -7.902474522967164, nan, -7.899718030153949, nan, -7.899718030153949
((B ((S +) (+ 1))) ((B (+ ((+ 1) 1))) ((B (+ 1)) (((S B) (S *)) ((S +) (+ 1)))))), nan, nan, nan, nan, nan, -7.4947712413950285, -7.731841535428532, nan, nan, nan, nan, nan, nan, nan, nan
((B (+ 1)) ((S +) ((B ((S +) (+ 1))) ((B (+ ((+ 1) 1))) ((S +) (((S B) (S *)) ((S +) (+ 1)))))))), nan, nan, nan, nan, nan, nan, nan, -7.829214738258742, -7.8867585544425225, -7.888617385474701, -7.902474522967164, -7.8923311472618085, -7.899718030153949, -7.892330658687863, -7.899718030153949
((B ((S +) (+ 1))) ((B (+ 1)) (((S B) (S *)) ((S +) (+ 1))))), nan, nan, nan, nan, nan, nan, -7.731841535428532, -7.829214738258742, -7.8867585544425225, -7.888617385474701, -7.902474522967164, -7.8923311472618085, -7.899718030153949, -7.892330658687863, -7.899718030153949
((B (+ 1)) ((B ((S +) (+ 1))) ((B (+ 1)) ((B (+ 1)) (((S B) (S *)) ((S +) (+ 1))))))), nan, nan, nan, nan, nan, nan, nan, nan, -7.8867585544425225, -7.888617385474701, -7.902474522967164, -7.8923311472618085, -7.899718030153949, -7.892330658687863, -7.899718030153949
((S +) ((B ((S +) (+ 1))) ((B (+ 1)) ((S +) (((S B) (S *)) ((S +) (+ 1))))))), nan, nan, nan, nan, nan, nan, -7.731841535428532, -7.423749630150576, -7.481293446334359, -7.483152277366536, -7.497009414858999, -7.486866039153644, -7.494252922045784, -7.486865550579699, -7.494252922045784
((B ((S +) (+ 1))) ((B (+ 1)) ((B (+ 1)) (((S B) (S *)) ((S +) (+ 1)))))), nan, nan, nan, nan, nan, nan, -7.731841535428532, -7.423749630150576, -7.481293446334359, -7.483152277366536, -7.497009414858999, -7.486866039153644, -7.494252922045784, -7.486865550579699, -7.494252922045784
((S +) ((B ((S +) (+ 1))) ((S +) (((S B) (S *)) ((S +) (+ 1)))))), nan, nan, nan, nan, nan, -7.4947712413950285, -7.326376427320367, -7.423749630150576, -7.481293446334359, -7.483152277366536, -7.497009414858999, -7.486866039153644, -7.494252922045784, -7.486865550579699, -7.494252922045784
((B ((S +) (+ 1))) ((B ((S *) I)) (+ ((+ 1) 1)))), nan, nan, nan, nan, -6.984049173165833, -7.4947712413950285, nan, nan, nan, nan, nan, nan, nan, nan, nan
((B ((S +) (+ 1))) (((S B) (S *)) (+ ((+ 1) 1)))), nan, nan, nan, nan, -6.984049173165833, -7.089306133286864, -7.0386943548685865, -6.912924006384586, -6.970467822568368, -6.972326653600546, -6.9861837910930085, -6.976040415387653, -6.983427298279794, -6.9760399268137085, -6.983427298279794
((S +) ((B ((S +) (+ 1))) ((B (+ ((+ 1) 1))) ((S +) (((S B) (S *)) ((S +) (+ 1))))))), nan, nan, nan, nan, nan, nan, -7.326376427320367, -7.829214738258742, -7.8867585544425225, -7.888617385474701, -7.902474522967164, -7.8923311472618085, -7.899718030153949, -7.892330658687863, -7.899718030153949
((B (+ ((+ 1) 1))) ((B ((S +) (+ 1))) (((S B) (S *)) (+ ((+ 1) 1))))), nan, nan, nan, nan, nan, nan, nan, -7.829214738258742, -7.481293446334359, -7.483152277366536, -7.497009414858999, -7.486866039153644, -7.494252922045784, -7.486865550579699, -7.494252922045784
((B (+ ((+ 1) 1))) ((B ((S *) (+ 1))) (+ ((+ 1) 1)))), nan, nan, nan, nan, nan, nan, -7.731841535428532, -7.829214738258742, -7.8867585544425225, -7.888617385474701, -7.902474522967164, -7.8923311472618085, -7.899718030153949, -7.892330658687863, -7.899718030153949
((B (+ ((+ 1) 1))) ((S +) ((S +) ((B ((S *) (+ 1))) (+ ((+ 1) 1)))))), nan, nan, nan, nan, nan, nan, nan, nan, -7.8867585544425225, -7.888617385474701, -7.902474522967164, -7.8923311472618085, -7.899718030153949, -7.892330658687863, -7.899718030153949
((B (+ ((+ 1) 1))) ((B ((S *) (+ 1))) ((S +) (+ 1)))), nan, nan, nan, nan, nan, -7.4947712413950285, -7.326376427320367, -7.423749630150576, -7.481293446334359, -7.483152277366536, -7.497009414858999, -7.486866039153644, -7.494252922045784, -7.486865550579699, -7.494252922045784
((B ((S +) (+ 1))) ((B (+ ((+ 1) 1))) ((B (+ 1)) ((B (+ 1)) ((S *) (+ 1)))))), nan, nan, nan, nan, nan, -7.4947712413950285, nan, nan, nan, nan, nan, nan, nan, nan, nan
((B (+ ((+ 1) 1))) ((B ((S +) (+ 1))) ((B (+ 1)) ((B (+ 1)) ((S *) (+ 1)))))), nan, nan, nan, nan, nan, -7.4947712413950285, -7.0386943548685865, -6.912924006384586, -6.970467822568368, -6.972326653600546, -6.9861837910930085, -6.976040415387653, -6.983427298279794, -6.9760399268137085, -6.983427298279794
((B ((S *) (+ 1))) (+ ((+ 1) 1))), nan, nan, nan, -5.4686494181629115, -6.290901992605888, -6.801624060835083, -6.815550803554377, -6.912924006384586, -6.970467822568368, -6.972326653600546, -6.9861837910930085, -6.976040415387653, -6.983427298279794, -6.9760399268137085, -6.983427298279794
((B (+ 1)) ((B (+ 1)) ((S +) ((S +) ((S +) ((S +) ((B ((S *) (+ 1))) (+ ((+ 1) 1))))))))), nan, nan, nan, nan, nan, nan, nan, nan, -7.8867585544425225, -7.888617385474701, -7.902474522967164, -7.8923311472618085, -7.899718030153949, -7.892330658687863, -7.899718030153949
((S +) ((S +) ((B ((S *) (+ 1))) (+ ((+ 1) 1))))), nan, nan, nan, nan, -6.578584065057669, -6.578480509520873, -7.0386943548685865, -7.136067557698796, -6.970467822568368, -6.972326653600546, -6.9861837910930085, -6.976040415387653, -6.983427298279794, -6.9760399268137085, -6.983427298279794
((S +) ((S +) ((S +) ((S +) ((B ((S *) (+ 1))) (+ ((+ 1) 1))))))), nan, nan, nan, nan, nan, nan, -7.326376427320367, -7.136067557698796, -7.8867585544425225, -7.888617385474701, -7.902474522967164, -7.8923311472618085, -7.899718030153949, -7.892330658687863, -7.899718030153949
((B ((S *) (+ 1))) ((S +) (+ 1))), nan, nan, nan, -5.4686494181629115, -6.067758441291678, -6.578480509520873, -6.815550803554377, -6.912924006384586, -6.970467822568368, -6.972326653600546, -6.9861837910930085, -6.976040415387653, -6.983427298279794, -6.9760399268137085, -6.983427298279794
((S +) ((B ((S *) (+ 1))) (+ 1))), nan, nan, nan, -6.161796598722857, -5.731286204670465, -6.108476880275139, -6.479078566933164, -6.730602449590631, -6.788146265774413, -6.790005096806592, -6.803862234299054, -6.793718858593699, -6.80110574148584, -6.793718370019754, -6.80110574148584
((S +) ((S +) ((B ((S *) (+ 1))) ((S +) (+ 1))))), nan, nan, nan, nan, -6.578584065057669, -6.578480509520873, -6.815550803554377, -7.136067557698796, -7.193611373882577, -7.195470204914756, -7.209327342407218, -7.199183966701863, -7.206570849594003, -7.199183478127917, -7.206570849594003
((S +) ((S +) ((S +) ((B ((S *) (+ 1))) (+ 1))))), nan, nan, nan, nan, nan, -7.089306133286864, -6.815550803554377, -6.912924006384586, -7.193611373882577, -7.195470204914756, -7.209327342407218, -7.199183966701863, -7.206570849594003, -7.199183478127917, -7.206570849594003
((S +) ((S +) ((S +) ((S +) ((S +) ((B ((S *) (+ 1))) (+ 1))))))), nan, nan, nan, nan, nan, nan, nan, -7.423749630150576, -6.970467822568368, -6.972326653600546, -7.209327342407218, -7.199183966701863, -7.206570849594003, -7.199183478127917, -7.206570849594003
((B ((S +) ((S +) (+ 1)))) ((B (+ 1)) ((B ((S +) (+ 1))) ((S *) (+ 1))))), nan, nan, nan, nan, nan, -7.089306133286864, -7.0386943548685865, -7.136067557698796, -7.193611373882577, -7.195470204914756, -7.209327342407218, -7.199183966701863, -7.206570849594003, -7.199183478127917, -7.206570849594003
((B ((S +) (+ 1))) ((B ((S +) ((S +) (+ 1)))) ((B (+ 1)) ((S *) (+ 1))))), nan, nan, nan, nan, nan, -7.4947712413950285, -7.731841535428532, -7.829214738258742, -7.8867585544425225, -7.888617385474701, -7.902474522967164, -7.8923311472618085, -7.899718030153949, -7.892330658687863, -7.899718030153949
((B ((S +) (+ 1))) ((B (+ 1)) ((B (+ 1)) ((S *) (+ 1))))), nan, nan, nan, nan, -6.984049173165833, -6.3961589527269185, -6.815550803554377, -6.912924006384586, -6.970467822568368, -6.972326653600546, -6.9861837910930085, -6.976040415387653, -6.983427298279794, -6.9760399268137085, -6.983427298279794
((B ((S +) (+ 1))) ((S *) (+ 1))), nan, nan, nan, -6.161796598722857, -5.731286204670465, -6.3961589527269185, -6.633229246760422, -6.730602449590631, -6.788146265774413, -6.790005096806592, -6.803862234299054, -6.793718858593699, -6.80110574148584, -6.793718370019754, -6.80110574148584
((B ((S +) (+ 1))) ((S +) ((S +) ((S *) (+ 1))))), nan, nan, nan, nan, nan, nan, -7.731841535428532, -6.912924006384586, -7.193611373882577, -7.195470204914756, -7.209327342407218, -6.976040415387653, -6.983427298279794, -6.9760399268137085, -6.983427298279794
((B (+ 1)) ((B ((S +) ((S +) (+ 1)))) ((B ((S +) (+ 1))) ((S *) (+ 1))))), nan, nan, nan, nan, nan, -7.4947712413950285, -7.731841535428532, -7.829214738258742, -7.8867585544425225, -7.888617385474701, -7.902474522967164, -7.8923311472618085, -7.899718030153949, -7.892330658687863, -7.899718030153949
((B (+ 1)) ((B ((S +) (+ 1))) ((B (+ 1)) ((S *) (+ 1))))), nan, nan, nan, nan, -6.984049173165833, -7.089306133286864, -7.0386943548685865, -7.136067557698796, -7.193611373882577, -7.195470204914756, -7.209327342407218, -7.199183966701863, -7.206570849594003, -7.199183478127917, -7.206570849594003
((B (+ 1)) ((S +) ((S +) ((B ((S +) ((S +) (+ 1)))) ((B ((S +) (+ 1))) ((S *) (+ 1))))))), nan, nan, nan, nan, nan, nan, nan, -7.829214738258742, -7.8867585544425225, -7.483152277366536, -7.497009414858999, -7.486866039153644, -7.494252922045784, -7.486865550579699, -7.494252922045784
((S +) ((B ((S +) (+ 1))) ((S +) ((S *) (+ 1))))), nan, nan, nan, nan, nan, -7.4947712413950285, -7.326376427320367, -7.829214738258742, -7.481293446334359, -7.483152277366536, -7.497009414858999, -7.486866039153644, -7.494252922045784, -7.486865550579699, -7.494252922045784
((S +) ((S +) ((B ((S +) ((S +) (+ 1)))) ((B (+ 1)) ((B ((S +) (+ 1))) ((S *) (+ 1))))))), nan, nan, nan, nan, nan, nan, nan, nan, -7.8867585544425225, -7.888617385474701, -7.902474522967164, -7.8923311472618085, -7.899718030153949, -7.892330658687863, -7.899718030153949
((S +) ((S +) ((B ((S +) (+ 1))) ((S +) ((S +) ((S *) (+ 1))))))), nan, nan, nan, nan, nan, nan, nan, nan, -7.481293446334359, -6.972326653600546, -6.9861837910930085, -6.976040415387653, -6.983427298279794, -6.9760399268137085, -6.983427298279794
((B (+ ((+ 1) 1))) ((B (+ ((+ 1) 1))) ((B (+ ((+ 1) 1))) ((S +) (((S B) (S *)) ((S +) ((S +) (+ 1)))))))), nan, nan, nan, nan, nan, nan, nan, -7.829214738258742, -7.193611373882577, -7.195470204914756, -7.209327342407218, -7.199183966701863, -7.206570849594003, -7.199183478127917, -7.206570849594003
((B (+ ((+ 1) 1))) ((S +) (((S B) (S *)) ((S +) ((S +) (+ 1)))))), nan, nan, nan, nan, nan, -7.4947712413950285, -7.0386943548685865, -7.423749630150576, -7.481293446334359, -7.483152277366536, -7.497009414858999, -7.486866039153644, -7.494252922045784, -7.486865550579699, -7.494252922045784
((B (+ 1)) ((B (+ ((+ 1) 1))) ((B (+ 1)) (((S B) (S *)) ((S +) (+ 1)))))), nan, nan, nan, nan, nan, nan, nan, -7.829214738258742, -7.481293446334359, -7.483152277366536, -7.497009414858999, -7.486866039153644, -7.494252922045784, -7.486865550579699, -7.494252922045784
((B (+ ((+ 1) 1))) ((B ((S *) I)) (+ ((+ 1) 1)))), nan, nan, nan, nan, nan, -7.4947712413950285, -7.0386943548685865, -7.136067557698796, -7.193611373882577, -7.195470204914756, -7.209327342407218, -7.199183966701863, -7.206570849594003, -7.199183478127917, -7.206570849594003
((B (+ ((+ 1) 1))) ((S +) ((B ((S *) I)) ((S +) (+ ((+ 1) 1)))))), nan, nan, nan, nan, nan, -7.4947712413950285, -7.326376427320367, -7.423749630150576, -7.481293446334359, -7.483152277366536, -7.497009414858999, -7.486866039153644, -7.494252922045784, -7.486865550579699, -7.494252922045784
((B (+ ((+ 1) 1))) ((B (+ ((+ 1) 1))) ((B (+ ((+ 1) 1))) ((S +) ((B ((S *) I)) ((S +) ((S +) (+ 1)))))))), nan, nan, nan, nan, nan, nan, nan, -7.829214738258742, -7.193611373882577, -7.195470204914756, -7.209327342407218, -7.199183966701863, -7.206570849594003, -7.199183478127917, -7.206570849594003
((B (+ ((+ 1) 1))) ((S +) ((B ((S *) I)) ((S +) ((S +) (+ 1)))))), nan, nan, nan, nan, nan, -7.4947712413950285, -7.326376427320367, -7.423749630150576, -7.481293446334359, -7.483152277366536, -7.497009414858999, -7.486866039153644, -7.494252922045784, -7.486865550579699, -7.494252922045784
((B (+ 1)) ((B (+ ((+ 1) 1))) ((B (+ 1)) ((B ((S *) I)) ((S +) (+ 1)))))), nan, nan, nan, nan, nan, nan, nan, -7.829214738258742, -7.8867585544425225, -7.888617385474701, -7.902474522967164, -7.8923311472618085, -7.899718030153949, -7.892330658687863, -7.899718030153949
(((S B) (S *)) ((S +) (+ 1))), nan, nan, nan, -5.245505866848702, -5.885436884497723, -6.578480509520873, -6.815550803554377, -6.912924006384586, -6.970467822568368, -6.972326653600546, -6.9861837910930085, -6.976040415387653, -6.983427298279794, -6.9760399268137085, -6.983427298279794
((B (+ ((+ 1) 1))) ((B (+ ((+ 1) 1))) ((S +) (((S B) (S *)) ((S +) ((S +) (+ 1))))))), nan, nan, nan, nan, nan, nan, -7.326376427320367, -6.5764517697633735, -6.633995585947154, -6.635854416979333, -6.6497115544717955, -6.6395681787664405, -6.646955061658581, -6.639567690192495, -6.646955061658581
((B (+ 1)) ((B (+ 1)) (((S B) (S *)) ((S +) (+ 1))))), nan, nan, nan, nan, nan, -7.4947712413950285, -7.0386943548685865, -7.136067557698796, -7.193611373882577, -7.195470204914756, -7.209327342407218, -7.199183966701863, -7.206570849594003, -7.199183478127917, -7.206570849594003
((S +) (((S B) (S *)) ((S +) ((S +) (+ 1))))), nan, nan, nan, nan, -6.290901992605888, -6.24200827289966, -6.479078566933164, -6.5764517697633735, -6.633995585947154, -6.635854416979333, -6.6497115544717955, -6.6395681787664405, -6.646955061658581, -6.639567690192495, -6.646955061658581
((B ((S *) I)) (+ ((+ 1) 1))), nan, nan, nan, -5.063184310054747, -5.731286204670465, -6.108476880275139, -6.633229246760422, -6.912924006384586, -6.970467822568368, -6.972326653600546, -6.9861837910930085, -6.976040415387653, -6.983427298279794, -6.9760399268137085, -6.983427298279794
((B (+ ((+ 1) 1))) ((B (+ ((+ 1) 1))) ((S +) ((B ((S *) I)) ((S +) (+ ((+ 1) 1))))))), nan, nan, nan, nan, nan, nan, -7.731841535428532, -7.829214738258742, -7.8867585544425225, -7.888617385474701, -7.902474522967164, -7.8923311472618085, -7.899718030153949, -7.892330658687863, -7.899718030153949
((S +) ((B ((S *) I)) ((S +) (+ ((+ 1) 1))))), nan, nan, nan, nan, -6.578584065057669, -6.578480509520873, -7.0386943548685865, -7.136067557698796, -7.193611373882577, -7.195470204914756, -7.209327342407218, -7.199183966701863, -7.206570849594003, -7.199183478127917, -7.206570849594003
((S +) ((S +) ((B ((S *) I)) (+ ((+ 1) 1))))), nan, nan, nan, nan, -6.578584065057669, -6.578480509520873, -7.0386943548685865, -7.136067557698796, -7.193611373882577, -7.195470204914756, -7.209327342407218, -7.199183966701863, -7.206570849594003, -7.199183478127917, -7.206570849594003
((S +) ((S +) ((S +) ((S +) ((B ((S *) I)) (+ ((+ 1) 1))))))), nan, nan, nan, nan, nan, nan, -7.326376427320367, -6.912924006384586, -7.193611373882577, -7.195470204914756, -7.209327342407218, -7.199183966701863, -7.206570849594003, -7.199183478127917, -7.206570849594003
((B ((S *) I)) ((S +) (+ 1))), nan, nan, nan, -5.245505866848702, -6.067758441291678, -6.578480509520873, -6.815550803554377, -7.136067557698796, -7.193611373882577, -7.195470204914756, -7.209327342407218, -7.199183966701863, -7.206570849594003, -7.199183478127917, -7.206570849594003
((B (+ ((+ 1) 1))) ((B (+ ((+ 1) 1))) ((S +) ((B ((S *) I)) ((S +) ((S +) (+ 1))))))), nan, nan, nan, nan, nan, nan, -7.326376427320367, -6.730602449590631, -6.633995585947154, -6.635854416979333, -6.6497115544717955, -6.6395681787664405, -6.646955061658581, -6.639567690192495, -6.646955061658581
((S +) ((B ((S *) I)) ((S +) ((S +) (+ 1))))), nan, nan, nan, nan, -6.290901992605888, -6.24200827289966, -6.479078566933164, -6.5764517697633735, -6.633995585947154, -6.635854416979333, -6.6497115544717955, -6.6395681787664405, -6.646955061658581, -6.639567690192495, -6.646955061658581
((S +) ((S +) ((B ((S *) I)) ((S +) (+ 1))))), nan, nan, nan, nan, -6.984049173165833, -6.801624060835083, -7.0386943548685865, -7.136067557698796, -7.193611373882577, -7.195470204914756, -7.209327342407218, -7.199183966701863, -7.206570849594003, -7.199183478127917, -7.206570849594003
((S +) ((S +) ((S +) ((S +) ((B ((S *) I)) ((S +) (+ 1))))))), nan, nan, nan, nan, nan, nan, -7.731841535428532, -7.423749630150576, -7.481293446334359, -7.483152277366536, -7.497009414858999, -7.486866039153644, -7.494252922045784, -7.486865550579699, -7.494252922045784
(((S B) (S *)) (+ ((+ 1) 1))), nan, nan, nan, -6.161796598722857, -5.885436884497723, -6.3961589527269185, -6.633229246760422, -6.730602449590631, -6.788146265774413, -6.790005096806592, -6.803862234299054, -6.793718858593699, -6.80110574148584, -6.793718370019754, -6.80110574148584
((B (+ 1)) ((B ((S +) ((S +) (+ 1)))) (((S B) (S *)) (+ ((+ 1) 1))))), nan, nan, nan, nan, nan, -7.4947712413950285, -7.731841535428532, -7.829214738258742, -7.8867585544425225, -7.888617385474701, -7.902474522967164, -7.8923311472618085, -7.899718030153949, -7.892330658687863, -7.899718030153949
((B (+ 1)) ((S +) ((S +) ((B ((S +) ((S +) (+ 1)))) (((S B) (S *)) (+ ((+ 1) 1))))))), nan, nan, nan, nan, nan, nan, nan, -7.829214738258742, -7.8867585544425225, -7.888617385474701, -7.902474522967164, -7.8923311472618085, -7.899718030153949, -7.892330658687863, -7.899718030153949
(+ ((+ 1) 1)), nan, nan, -4.329744014753579, -3.8592115057288106, -4.786824595829614, -5.479868220852763, -5.785931386373219, -5.883304589203428, -5.940848405387209, -5.942707236419388, -5.956564373911851, -5.946420998206495, -5.953807881098635, -5.946420509632549, -5.953807881098635
((B ((S +) (+ 1))) ((S +) ((B ((S *) (+ 1))) (+ 1)))), nan, nan, nan, nan, -6.578584065057669, -6.578480509520873, -7.0386943548685865, -7.423749630150576, -7.481293446334359, -7.888617385474701, -7.902474522967164, -7.486866039153644, -7.494252922045784, -7.486865550579699, -7.494252922045784
((B (+ 1)) ((B ((S +) (+ 1))) ((B (+ 1)) ((S +) ((B ((S *) (+ 1))) (+ 1)))))), nan, nan, nan, nan, nan, nan, nan, nan, -7.8867585544425225, -7.888617385474701, -7.902474522967164, -7.8923311472618085, -7.899718030153949, -7.892330658687863, -7.899718030153949
((B (+ 1)) ((S +) ((B ((S +) (+ 1))) ((B (+ 1)) ((B ((S *) (+ 1))) (+ 1)))))), nan, nan, nan, nan, nan, nan, nan, -7.829214738258742, -7.8867585544425225, -7.888617385474701, -7.902474522967164, -7.8923311472618085, -7.899718030153949, -7.892330658687863, -7.899718030153949
((S +) ((B ((S +) (+ 1))) ((B ((S *) (+ 1))) (+ 1)))), nan, nan, nan, nan, nan, -7.4947712413950285, -7.731841535428532, nan, -7.8867585544425225, -7.888617385474701, nan, nan, nan, nan, nan
((B ((S +) ((S +) (+ 1)))) ((B ((S +) ((S +) (+ 1)))) ((S *) (+ 1)))), nan, nan, nan, nan, nan, -7.4947712413950285, -7.326376427320367, -7.423749630150576, -7.481293446334359, -7.483152277366536, -7.497009414858999, -7.486866039153644, -7.494252922045784, -7.486865550579699, -7.494252922045784
((B ((S +) ((S +) (+ 1)))) ((B (+ 1)) ((S *) (+ 1)))), nan, nan, nan, nan, -6.290901992605888, -6.24200827289966, -6.633229246760422, -6.5764517697633735, -6.633995585947154, -6.635854416979333, -6.6497115544717955, -6.6395681787664405, -6.646955061658581, -6.639567690192495, -6.646955061658581
((B ((S +) ((S +) (+ 1)))) ((S +) ((S +) ((B (+ 1)) ((S *) (+ 1)))))), nan, nan, nan, nan, nan, -7.4947712413950285, -7.326376427320367, -7.423749630150576, -7.481293446334359, -7.483152277366536, -7.497009414858999, -7.486866039153644, -7.899718030153949, -7.892330658687863, -7.899718030153949
((B ((S +) (+ 1))) ((B (+ 1)) ((B ((S +) (+ 1))) ((B (+ 1)) ((S *) (+ 1)))))), nan, nan, nan, nan, nan, -7.4947712413950285, -7.731841535428532, -7.829214738258742, -7.8867585544425225, -7.888617385474701, -7.902474522967164, -7.8923311472618085, -7.899718030153949, -7.892330658687863, -7.899718030153949
((B (+ ((+ 1) 1))) ((B (+ ((+ 1) 1))) ((S +) (((S B) ((S B) (S *))) ((S +) (+ 1)))))), nan, nan, nan, nan, nan, nan, -7.731841535428532, -7.423749630150576, -7.481293446334359, -7.483152277366536, -7.497009414858999, -7.486866039153644, -7.494252922045784, -7.486865550579699, -7.494252922045784
((B (+ 1)) ((B ((S +) ((S +) (+ 1)))) ((B (+ 1)) ((B ((S +) ((S +) (+ 1)))) ((S *) (+ 1)))))), nan, nan, nan, nan, nan, nan, nan, -7.829214738258742, -7.8867585544425225, -7.888617385474701, -7.902474522967164, -7.8923311472618085, -7.899718030153949, -7.892330658687863, -7.899718030153949
((B (+ 1)) ((B ((S +) ((S +) (+ 1)))) ((B (+ 1)) ((B (+ 1)) ((S *) (+ 1)))))), nan, nan, nan, nan, nan, -7.4947712413950285, -7.731841535428532, -7.829214738258742, -7.8867585544425225, -7.888617385474701, -7.902474522967164, -7.8923311472618085, -7.899718030153949, -7.892330658687863, -7.899718030153949
((B (+ 1)) ((B ((S +) ((S +) (+ 1)))) ((S *) (+ 1)))), nan, nan, nan, nan, nan, -7.089306133286864, -6.815550803554377, -7.136067557698796, -7.193611373882577, -7.195470204914756, -7.209327342407218, -7.199183966701863, -7.206570849594003, -7.199183478127917, -7.206570849594003
((B (+ 1)) ((B ((S +) ((S +) (+ 1)))) ((S +) ((S +) ((S *) (+ 1)))))), nan, nan, nan, nan, nan, nan, nan, -7.829214738258742, -7.8867585544425225, -7.888617385474701, -7.902474522967164, -7.8923311472618085, -7.494252922045784, -7.486865550579699, -7.494252922045784
((B (+ 1)) ((B (+ ((+ 1) 1))) ((B (+ 1)) ((B (+ ((+ 1) 1))) ((B (+ 1)) ((B (+ 1)) ((S *) (+ 1)))))))), nan, nan, nan, nan, nan, nan, nan, -7.829214738258742, -7.8867585544425225, -7.888617385474701, -7.902474522967164, -7.8923311472618085, -7.899718030153949, -7.892330658687863, -7.899718030153949
((B (+ 1)) ((B (+ 1)) ((S *) (+ 1)))), nan, nan, nan, -5.756331490614692, -5.279301080927408, -5.990693844618755, -6.345547174308642, -6.442920377138851, -6.500464193322632, -6.50232302435481, -6.516180161847274, -6.506036786141918, -6.513423669034058, -6.506036297567972, -6.513423669034058
((B (+ 1)) ((S +) (((S B) ((S B) (S *))) ((B (+ 1)) ((S +) (+ 1)))))), nan, nan, nan, nan, nan, nan, -7.731841535428532, -7.423749630150576, -7.481293446334359, -7.483152277366536, -7.497009414858999, -7.486866039153644, -7.494252922045784, -7.486865550579699, -7.494252922045784
((B (+ 1)) ((S +) ((B ((S +) ((S +) (+ 1)))) ((B (+ 1)) ((B (+ 1)) ((S *) ((S +) (+ 1)))))))), nan, nan, nan, nan, nan, nan, nan, -7.829214738258742, -7.8867585544425225, -7.888617385474701, -7.902474522967164, -7.8923311472618085, -7.899718030153949, -7.892330658687863, -7.899718030153949
((B (+ 1)) ((S +) ((B ((S +) ((S +) (+ 1)))) ((S *) ((S +) (+ 1)))))), nan, nan, nan, nan, nan, nan, -7.731841535428532, -7.423749630150576, -7.8867585544425225, -7.888617385474701, -7.902474522967164, -7.8923311472618085, -7.899718030153949, -7.892330658687863, -7.899718030153949
((B (+ 1)) ((S +) ((B ((S +) ((S +) (+ 1)))) ((S +) ((S *) (+ 1)))))), nan, nan, nan, nan, nan, nan, -7.731841535428532, -7.423749630150576, -7.481293446334359, -7.483152277366536, -7.497009414858999, -7.486866039153644, -7.494252922045784, -7.486865550579699, -7.494252922045784
((B (+ 1)) ((S +) ((B ((S +) (+ 1))) ((S +) ((B ((S +) (+ 1))) ((B (+ 1)) ((S *) (+ 1)))))))), nan, nan, nan, nan, nan, nan, nan, -7.829214738258742, -7.8867585544425225, -7.888617385474701, -7.902474522967164, -7.8923311472618085, -7.899718030153949, -7.892330658687863, -7.899718030153949
((B (+ 1)) ((S +) ((S +) ((B ((S +) ((S +) (+ 1)))) ((B (+ 1)) ((B (+ 1)) ((S *) (+ 1)))))))), nan, nan, nan, nan, nan, nan, nan, -7.829214738258742, -7.8867585544425225, -7.888617385474701, -7.902474522967164, -7.8923311472618085, -7.899718030153949, -7.892330658687863, -7.899718030153949
((B (+ 1)) ((S +) ((S +) ((B ((S +) ((S +) (+ 1)))) ((S *) (+ 1)))))), nan, nan, nan, nan, nan, nan, nan, -7.829214738258742, -7.481293446334359, -7.483152277366536, -7.497009414858999, -7.486866039153644, -7.494252922045784, -7.486865550579699, -7.494252922045784
((B (+ 1)) ((S +) ((S +) ((S +) ((B ((S +) ((S +) (+ 1)))) ((S *) ((S +) (+ 1)))))))), nan, nan, nan, nan, nan, nan, nan, nan, nan, nan, -7.902474522967164, -7.486866039153644, -7.494252922045784, -7.486865550579699, -7.494252922045784
((S *) (+ 1)), nan, nan, -3.413453282879424, -4.552358686288756, -5.374611260731733, -5.885333328960928, -6.122403622994431, -6.21977682582464, -6.277320642008423, -6.2791794730406005, -6.293036610533063, -6.282893234827708, -6.290280117719848, -6.282892746253763, -6.290280117719848
((S +) (((S B) ((S B) (S *))) ((S +) (+ 1)))), nan, nan, nan, nan, -6.578584065057669, -6.578480509520873, -6.815550803554377, -6.912924006384586, -6.788146265774413, -6.790005096806592, -6.803862234299054, -6.793718858593699, -6.80110574148584, -6.793718370019754, -6.80110574148584
((S +) ((B ((S +) ((S +) (+ 1)))) ((B (+ 1)) ((S *) ((S +) (+ 1)))))), nan, nan, nan, nan, nan, -6.801624060835083, -6.815550803554377, -7.136067557698796, -6.970467822568368, -6.972326653600546, -6.9861837910930085, -6.976040415387653, -6.983427298279794, -6.9760399268137085, -6.983427298279794
((S +) ((B ((S +) ((S +) (+ 1)))) ((S +) ((B (+ 1)) ((S *) (+ 1)))))), nan, nan, nan, nan, nan, -6.801624060835083, -6.815550803554377, -7.136067557698796, -7.193611373882577, -7.195470204914756, -7.209327342407218, -7.199183966701863, -7.206570849594003, -7.199183478127917, -7.206570849594003
((S +) ((S +) ((B ((S +) ((S +) (+ 1)))) ((B (+ 1)) ((S *) (+ 1)))))), nan, nan, nan, nan, nan, nan, -7.326376427320367, -7.423749630150576, -7.8867585544425225, -7.888617385474701, -7.902474522967164, -7.8923311472618085, -7.899718030153949, -7.892330658687863, -7.899718030153949
((S +) ((S +) ((S *) (+ 1)))), nan, nan, nan, nan, nan, -7.4947712413950285, -6.633229246760422, -6.912924006384586, -7.193611373882577, -7.195470204914756, -7.209327342407218, -7.199183966701863, -7.206570849594003, -7.199183478127917, -7.206570849594003
((S +) (+ 1)), nan, nan, -3.413453282879424, -3.8592115057288106, -4.6814640801717875, -5.243479442788534, -5.534616958092313, -5.631990160922522, -5.689533977106304, -5.691392808138482, -5.7052499456309445, -5.695106569925589, -5.70249345281773, -5.6951060813516445, -5.70249345281773
(B ((S *) I)), nan, nan, -3.9242789066454145, -4.063479449445112, -4.939534298576923, -5.4833105650437375, -5.731521544048551, -5.919178528106313, -6.054875821361978, -6.064142509259379, -6.0744697262462655, -6.067596481218203, -6.073327116956253, -6.0687447578481315, -6.073327116956253
((S B) (S *)), nan, nan, -4.329744014753579, -4.505312201724151, -5.425042114358624, -5.888775673151902, -6.136986652156715, -6.237632259224847, -6.278019372676189, -6.287286060573589, -6.297613277560476, -6.290740032532414, -6.296470668270462, -6.29188830916234, -6.296470668270462
(B ((B (+ 1)) ((S +) (+ 1)))), nan, nan, nan, nan, -6.811336475478515, -6.358779302397637, nan, nan, nan, nan, nan, nan, nan, nan, nan
(B ((B (+ 1)) ((S *) (+ 1)))), nan, nan, nan, -6.009389598500426, nan, nan, nan, nan, nan, nan, nan, nan, nan, nan, nan
(B ((B (+ 1)) (+ ((+ 1) 1)))), nan, nan, nan, nan, nan, -6.358779302397637, nan, nan, nan, nan, nan, nan, nan, nan, nan
((S +) (((S B) (B ((S *) I))) ((S +) (+ 1)))), nan, nan, nan, nan, -6.578584065057669, -6.801624060835083, -7.326376427320367, -7.423749630150576, -7.481293446334359, -7.483152277366536, -7.497009414858999, -7.486866039153644, -7.494252922045784, -7.486865550579699, -7.494252922045784
((B (+ ((+ 1) 1))) ((B (+ 1)) ((B (+ 1)) ((S *) (+ 1))))), nan, nan, nan, nan, -6.578584065057669, -6.3961589527269185, -6.815550803554377, -7.136067557698796, -7.481293446334359, -7.483152277366536, -7.497009414858999, -7.486866039153644, -7.494252922045784, -7.486865550579699, -7.494252922045784
((B (+ ((+ 1) 1))) ((S +) (((S B) ((S B) (S *))) ((S +) (+ 1))))), nan, nan, nan, nan, nan, -7.4947712413950285, -7.326376427320367, -7.423749630150576, -7.481293446334359, -7.483152277366536, -7.497009414858999, -7.486866039153644, -7.494252922045784, -7.486865550579699, -7.494252922045784
((B (+ ((+ 1) 1))) ((S +) ((S +) ((S +) ((B ((S +) ((S +) (+ 1)))) ((S *) ((S +) (+ 1)))))))), nan, nan, nan, nan, nan, nan, nan, nan, -7.8867585544425225, nan, nan, nan, nan, nan, nan
((B (+ ((+ 1) 1))) ((S +) ((S +) ((S +) ((S +) ((S +) ((B ((S +) ((S +) (+ 1)))) ((S *) ((S +) (+ 1)))))))))), nan, nan, nan, nan, nan, nan, nan, nan, nan, nan, -7.902474522967164, -7.8923311472618085, -7.899718030153949, -7.892330658687863, -7.899718030153949
((B (+ 1)) ((B (+ ((+ 1) 1))) ((B (+ 1)) ((B (+ 1)) ((S *) (+ 1)))))), nan, nan, nan, nan, nan, -7.4947712413950285, -7.326376427320367, -7.423749630150576, -7.193611373882577, -7.195470204914756, -7.209327342407218, -7.199183966701863, -7.206570849594003, -7.199183478127917, -7.206570849594003
(B (+ ((+ 1) 1))), nan, nan, nan, -6.009389598500426, -3.9781231314222993, -3.586190580157856, -3.396146628231514, -3.457261396543012, -3.5783374212444956, -3.514697338333808, -3.5487410819380094, -3.4949842510110973, -3.5160998055886266, -3.4885279282558064, -3.5160998055886266
((+ 1) 1), nan, nan, -2.720306102319478, -2.4499682116233754, -2.700462611305204, -2.7003590557684087, -2.7003148823008996, -2.700302703238113, -2.7003042810398794, -2.7003009141409935, -2.700301016972029, -2.700300651231728, -2.700300612260794, -2.7003001626577836, -2.700300612260794
((S *) I), nan, nan, -4.329744014753579, -6.161796598722857, -6.578584065057669, -7.4947712413950285, -7.326376427320367, -7.829214738258742, -7.8867585544425225, -7.888617385474701, -7.902474522967164, -7.8923311472618085, -7.899718030153949, -7.892330658687863, -7.899718030153949
(B ((S +) (+ 1))), nan, nan, nan, -4.3046415062620005, -3.6543360543284025, -3.809334131472066, -4.042040923940914, -4.291722110169534, -4.425635281631699, -4.454704596825279, -4.505853808332421, -4.541540177723154, -4.547270813461203, -4.542688454353081, -4.547270813461203
(B ((B (+ 1)) ((B (+ 1)) ((S *) (+ 1))))), nan, nan, nan, nan, -6.811336475478515, nan, nan, nan, nan, nan, nan, nan, nan, nan, nan
(B ((S *) (+ 1))), nan, nan, -3.9242789066454145, -4.399951686066325, -5.201898563044415, -5.770992637495518, -6.136986652156715, -6.237632259224847, -6.278019372676189, -6.287286060573589, -6.297613277560476, -6.290740032532414, -6.296470668270462, -6.29188830916234, -6.296470668270462
((B ((S +) ((S +) (+ 1)))) ((B (+ 1)) ((B ((S +) ((S +) (+ 1)))) ((S *) (+ 1))))), nan, nan, nan, nan, nan, nan, -7.731841535428532, -7.423749630150576, -7.481293446334359, -7.483152277366536, -7.497009414858999, -7.486866039153644, -7.494252922045784, -7.486865550579699, -7.494252922045784
((B ((S +) ((S +) (+ 1)))) ((B (+ 1)) ((B (+ 1)) ((S *) (+ 1))))), nan, nan, nan, nan, -6.578584065057669, -6.578480509520873, -7.0386943548685865, -6.912924006384586, -7.193611373882577, -6.972326653600546, -7.209327342407218, -6.976040415387653, -7.206570849594003, -6.9760399268137085, -7.206570849594003
((B ((S +) ((S +) (+ 1)))) ((S *) (+ 1))), nan, nan, nan, nan, -6.290901992605888, -5.990693844618755, -6.227764138652258, -6.325137341482467, -6.500464193322632, -6.50232302435481, -6.6497115544717955, -6.6395681787664405, -6.646955061658581, -6.639567690192495, -6.646955061658581
((B ((S +) ((S +) (+ 1)))) ((S +) ((S +) ((S *) (+ 1))))), nan, nan, nan, nan, nan, nan, -7.731841535428532, -7.423749630150576, -7.481293446334359, -7.483152277366536, -7.497009414858999, -7.486866039153644, -7.494252922045784, -7.486865550579699, -7.494252922045784
((B ((S +) (+ 1))) ((B ((S +) (+ 1))) ((B (+ 1)) ((S *) (+ 1))))), nan, nan, nan, nan, -6.578584065057669, -6.801624060835083, -7.0386943548685865, -7.423749630150576, -7.481293446334359, -7.483152277366536, -7.497009414858999, -7.486866039153644, -7.494252922045784, -7.486865550579699, -7.494252922045784
((B (+ ((+ 1) 1))) ((B (+ 1)) ((B (+ ((+ 1) 1))) ((B (+ 1)) ((B (+ 1)) ((S *) (+ 1))))))), nan, nan, nan, nan, nan, nan, -7.326376427320367, -7.423749630150576, -7.481293446334359, -7.483152277366536, -7.497009414858999, -7.486866039153644, -7.494252922045784, -7.486865550579699, -7.494252922045784
((B (+ 1)) ((B ((S +) ((S +) (+ 1)))) ((B ((S +) ((S +) (+ 1)))) ((S *) (+ 1))))), nan, nan, nan, nan, nan, nan, -7.731841535428532, -7.829214738258742, -7.8867585544425225, -7.888617385474701, -7.902474522967164, -7.8923311472618085, -7.899718030153949, -7.892330658687863, -7.899718030153949
((B (+ 1)) ((B ((S +) ((S +) (+ 1)))) ((B (+ 1)) ((S *) (+ 1))))), nan, nan, nan, nan, nan, -7.4947712413950285, -7.326376427320367, -7.829214738258742, -7.481293446334359, -7.888617385474701, -7.497009414858999, -7.8923311472618085, -7.494252922045784, -7.892330658687863, -7.494252922045784
((B (+ 1)) ((B ((S +) ((S +) (+ 1)))) ((S +) ((S +) ((B (+ 1)) ((S *) (+ 1))))))), nan, nan, nan, nan, nan, nan, -7.731841535428532, -7.829214738258742, -7.8867585544425225, -7.888617385474701, -7.902474522967164, -7.8923311472618085, -7.899718030153949, -7.892330658687863, -7.899718030153949
((B (+ 1)) ((B (+ ((+ 1) 1))) ((B (+ ((+ 1) 1))) ((S +) (((S B) ((S B) (S *))) ((S +) (+ 1))))))), nan, nan, nan, nan, nan, nan, nan, nan, -7.8867585544425225, -7.888617385474701, -7.902474522967164, -7.8923311472618085, -7.899718030153949, -7.892330658687863, -7.899718030153949
((B (+ 1)) ((B (+ 1)) ((S +) (((S B) ((S B) (S *))) ((B (+ 1)) ((S +) (+ 1))))))), nan, nan, nan, nan, nan, nan, nan, -7.829214738258742, -7.8867585544425225, -7.888617385474701, -7.902474522967164, -7.8923311472618085, -7.899718030153949, -7.892330658687863, -7.899718030153949
((B (+ 1)) ((S *) (+ 1))), nan, nan, -4.329744014753579, -4.3700371294948015, -5.374611260731733, -5.990693844618755, -6.227764138652258, -6.325137341482467, -6.382681157666248, -6.384539988698426, -6.39839712619089, -6.388253750485534, -6.395640633377674, -6.388253261911588, -6.395640633377674
((B (+ 1)) ((S +) (((S B) ((S B) (S *))) ((S +) (+ 1))))), nan, nan, nan, nan, nan, -7.4947712413950285, -7.731841535428532, -7.829214738258742, -7.8867585544425225, -7.888617385474701, -7.902474522967164, -7.8923311472618085, -7.899718030153949, -7.892330658687863, -7.899718030153949
((B (+ 1)) ((S +) ((B ((S +) ((S +) (+ 1)))) ((B (+ 1)) ((S *) ((S +) (+ 1))))))), nan, nan, nan, nan, nan, nan, -7.731841535428532, -7.423749630150576, -7.8867585544425225, -7.888617385474701, -7.902474522967164, -7.8923311472618085, -7.899718030153949, -7.892330658687863, -7.899718030153949
((B (+ 1)) ((S +) ((B ((S +) ((S +) (+ 1)))) ((S +) ((B (+ 1)) ((S *) (+ 1))))))), nan, nan, nan, nan, nan, nan, -7.731841535428532, -7.423749630150576, -7.481293446334359, -7.483152277366536, -7.497009414858999, -7.486866039153644, -7.494252922045784, -7.486865550579699, -7.494252922045784
((B (+ 1)) ((S +) ((S +) ((B ((S +) ((S +) (+ 1)))) ((B (+ 1)) ((S *) (+ 1))))))), nan, nan, nan, nan, nan, nan, nan, -7.829214738258742, -7.481293446334359, -7.483152277366536, -7.497009414858999, -7.486866039153644, -7.494252922045784, -7.486865550579699, -7.494252922045784
((S +) (((S B) ((S B) (S *))) ((B (+ 1)) ((S +) (+ 1))))), nan, nan, nan, nan, nan, -7.4947712413950285, -7.326376427320367, -7.829214738258742, -7.8867585544425225, -7.888617385474701, -7.902474522967164, -7.8923311472618085, -7.899718030153949, -7.892330658687863, -7.899718030153949
((S +) ((B ((S +) ((S +) (+ 1)))) ((B (+ 1)) ((B (+ 1)) ((S *) ((S +) (+ 1))))))), nan, nan, nan, nan, nan, nan, -7.0386943548685865, -7.136067557698796, -6.970467822568368, -6.972326653600546, -6.9861837910930085, -6.976040415387653, -6.983427298279794, -6.9760399268137085, -6.983427298279794
((S +) ((B ((S +) ((S +) (+ 1)))) ((S *) ((S +) (+ 1))))), nan, nan, nan, nan, nan, -6.801624060835083, -6.815550803554377, -6.912924006384586, -6.970467822568368, -6.972326653600546, -6.9861837910930085, -6.976040415387653, -6.983427298279794, -6.9760399268137085, -6.983427298279794
((S +) ((B ((S +) ((S +) (+ 1)))) ((S +) ((S *) (+ 1))))), nan, nan, nan, nan, nan, -6.801624060835083, -6.815550803554377, -6.912924006384586, -6.970467822568368, -6.972326653600546, -6.9861837910930085, -6.976040415387653, -6.983427298279794, -6.9760399268137085, -6.983427298279794
((S +) ((B ((S +) (+ 1))) ((S +) ((B ((S +) (+ 1))) ((B (+ 1)) ((S *) (+ 1))))))), nan, nan, nan, nan, nan, nan, -7.731841535428532, -7.829214738258742, -7.8867585544425225, -7.888617385474701, -7.902474522967164, -7.8923311472618085, -7.899718030153949, -7.892330658687863, -7.899718030153949
((S +) ((S +) ((B ((S +) ((S +) (+ 1)))) ((B (+ 1)) ((B (+ 1)) ((S *) (+ 1))))))), nan, nan, nan, nan, nan, nan, -7.326376427320367, -7.423749630150576, -7.8867585544425225, -7.888617385474701, -7.902474522967164, -7.8923311472618085, -7.899718030153949, -7.892330658687863, -7.899718030153949
((S +) ((S +) ((B ((S +) ((S +) (+ 1)))) ((S *) (+ 1))))), nan, nan, nan, nan, nan, nan, -7.326376427320367, -7.423749630150576, -7.481293446334359, -7.483152277366536, -7.497009414858999, -7.486866039153644, -7.494252922045784, -7.486865550579699, -7.494252922045784
((S +) ((S +) ((B (+ 1)) ((S *) (+ 1))))), nan, nan, nan, nan, -6.290901992605888, -6.108476880275139, -6.479078566933164, -6.442920377138851, -6.500464193322632, -6.50232302435481, -6.516180161847274, -6.6395681787664405, -6.646955061658581, -6.639567690192495, -6.646955061658581
((S +) ((S +) ((S +) ((B ((S +) ((S +) (+ 1)))) ((S *) ((S +) (+ 1))))))), nan, nan, nan, nan, nan, nan, nan, -7.423749630150576, -6.788146265774413, -6.972326653600546, -6.9861837910930085, -6.976040415387653, -6.983427298279794, -6.9760399268137085, -6.983427298279794
((S +) ((S +) ((S +) ((S +) ((B (+ 1)) ((S *) (+ 1))))))), nan, nan, nan, nan, nan, nan, -7.731841535428532, -7.136067557698796, -7.193611373882577, -7.195470204914756, -7.209327342407218, -7.199183966701863, -7.206570849594003, -7.199183478127917, -7.206570849594003
((S +) ((S +) ((S +) ((S +) ((S +) ((B ((S +) ((S +) (+ 1)))) ((S *) ((S +) (+ 1))))))))), nan, nan, nan, nan, nan, nan, nan, nan, nan, -7.483152277366536, -6.803862234299054, -6.793718858593699, -6.80110574148584, -6.793718370019754, -6.80110574148584
((S +) ((S +) ((S +) ((S +) ((S +) ((S +) ((B (+ 1)) ((S *) (+ 1))))))))), nan, nan, nan, nan, nan, nan, nan, nan, -7.8867585544425225, -7.195470204914756, -7.209327342407218, -7.199183966701863, -7.206570849594003, -7.199183478127917, -7.206570849594003
((B (+ 1)) ((S +) (+ 1))), nan, nan, nan, -5.756331490614692, -6.067758441291678, -6.801624060835083, -7.326376427320367, -7.829214738258742, -7.8867585544425225, -7.888617385474701, -7.902474522967164, -7.8923311472618085, -7.899718030153949, -7.892330658687863, -7.899718030153949
((B ((S +) (+ 1))) ((B (+ 1)) ((S +) ((B ((S *) (+ 1))) (+ 1))))), nan, nan, nan, nan, nan, -7.4947712413950285, -6.815550803554377, -6.912924006384586, -6.970467822568368, -6.972326653600546, -6.9861837910930085, -6.976040415387653, -6.983427298279794, -6.9760399268137085, -6.983427298279794
((S +) ((B ((S +) (+ 1))) ((B (+ 1)) ((B ((S *) (+ 1))) (+ 1))))), nan, nan, nan, nan, nan, nan, -7.731841535428532, -7.423749630150576, -7.481293446334359, -7.483152277366536, -7.497009414858999, -7.486866039153644, -7.494252922045784, -7.486865550579699, -7.494252922045784
((B (+ 1)) (+ ((+ 1) 1))), nan, nan, nan, -5.4686494181629115, -5.885436884497723, -6.3961589527269185, -7.0386943548685865, -7.423749630150576, -7.8867585544425225, -7.888617385474701, -7.902474522967164, -7.8923311472618085, -7.899718030153949, -7.892330658687863, -7.899718030153949
(((S B) (B ((S *) (+ 1)))) (+ ((+ 1) 1))), nan, nan, nan, -6.161796598722857, -6.984049173165833, nan, nan, nan, nan, nan, nan, nan, nan, nan, nan
((B (+ 1)) ((S +) (((S B) (B ((S *) I))) ((S +) (+ 1))))), nan, nan, nan, nan, nan, -7.4947712413950285, -7.326376427320367, -7.423749630150576, -7.481293446334359, -7.483152277366536, -7.497009414858999, -7.486866039153644, -7.494252922045784, -7.486865550579699, -7.494252922045784
((B (+ 1)) ((B ((S *) I)) ((S +) (+ 1)))), nan, nan, nan, -6.161796598722857, -6.290901992605888, -6.578480509520873, -6.815550803554377, -6.912924006384586, -6.970467822568368, -6.972326653600546, -6.9861837910930085, -6.976040415387653, -6.983427298279794, -6.9760399268137085, -6.983427298279794
((B (+ 1)) ((B (+ ((+ 1) 1))) ((B (+ ((+ 1) 1))) ((S +) ((B ((S *) I)) ((S +) ((S +) (+ 1)))))))), nan, nan, nan, nan, nan, nan, nan, -7.829214738258742, -7.8867585544425225, -7.888617385474701, -7.902474522967164, -7.8923311472618085, -7.899718030153949, -7.892330658687863, -7.899718030153949
((B (+ 1)) ((S +) ((B ((S *) I)) ((S +) ((S +) (+ 1)))))), nan, nan, nan, nan, nan, -7.4947712413950285, -7.731841535428532, -7.829214738258742, -7.8867585544425225, -7.888617385474701, -7.902474522967164, -7.8923311472618085, -7.899718030153949, -7.892330658687863, -7.899718030153949
((B ((S +) ((S +) (+ 1)))) (((S B) (S *)) (+ ((+ 1) 1)))), nan, nan, nan, nan, -6.984049173165833, -6.801624060835083, -7.0386943548685865, -7.136067557698796, -7.193611373882577, -7.195470204914756, -7.209327342407218, -7.199183966701863, -7.206570849594003, -7.199183478127917, -7.206570849594003
((B (+ 1)) (((S B) (S *)) (+ ((+ 1) 1)))), nan, nan, nan, nan, -6.984049173165833, -6.801624060835083, -7.326376427320367, -7.829214738258742, -7.8867585544425225, -7.888617385474701, -7.902474522967164, -7.8923311472618085, -7.899718030153949, -7.892330658687863, -7.899718030153949
((S +) ((S +) ((B ((S +) ((S +) (+ 1)))) (((S B) (S *)) (+ ((+ 1) 1)))))), nan, nan, nan, nan, nan, nan, -7.326376427320367, -7.423749630150576, -7.8867585544425225, -7.888617385474701, -7.902474522967164, -7.8923311472618085, -7.899718030153949, -7.892330658687863, -7.899718030153949
((B (+ 1)) (((S B) (S *)) ((S +) (+ 1)))), nan, nan, nan, -6.161796598722857, -6.067758441291678, -6.24200827289966, -6.479078566933164, -6.5764517697633735, -6.633995585947154, -6.635854416979333, -6.6497115544717955, -6.6395681787664405, -6.646955061658581, -6.639567690192495, -6.646955061658581
((B (+ 1)) ((B (+ ((+ 1) 1))) ((B (+ ((+ 1) 1))) ((S +) (((S B) (S *)) ((S +) ((S +) (+ 1)))))))), nan, nan, nan, nan, nan, nan, nan, -7.829214738258742, -7.8867585544425225, -7.888617385474701, -7.902474522967164, -7.8923311472618085, -7.899718030153949, -7.892330658687863, -7.899718030153949
((B (+ 1)) ((S +) (((S B) (S *)) ((S +) ((S +) (+ 1)))))), nan, nan, nan, nan, nan, -7.4947712413950285, -7.731841535428532, -7.829214738258742, -7.8867585544425225, -7.888617385474701, -7.902474522967164, -7.8923311472618085, -7.899718030153949, -7.892330658687863, -7.899718030153949
((B ((S *) I)) ((B (+ 1)) (+ ((+ 1) 1)))), nan, nan, nan, -6.161796598722857, -6.578584065057669, -7.4947712413950285, -7.731841535428532, nan, nan, nan, nan, nan, nan, nan, nan
((B (+ 1)) ((S +) ((B ((S *) I)) ((S +) (+ ((+ 1) 1)))))), nan, nan, nan, nan, nan, -7.4947712413950285, -7.731841535428532, -7.829214738258742, -7.8867585544425225, -7.888617385474701, -7.902474522967164, -7.8923311472618085, -7.899718030153949, -7.892330658687863, -7.899718030153949
((S +) ((S +) ((B ((S *) I)) ((B (+ 1)) (+ ((+ 1) 1)))))), nan, nan, nan, nan, nan, -7.4947712413950285, -7.731841535428532, nan, nan, nan, nan, nan, nan, nan, nan
((B (+ ((+ 1) 1))) ((B (+ 1)) ((B ((S *) I)) ((S +) (+ 1))))), nan, nan, nan, nan, -6.578584065057669, -6.3961589527269185, -6.815550803554377, -6.912924006384586, -6.970467822568368, -6.972326653600546, -6.9861837910930085, -6.976040415387653, -6.983427298279794, -6.9760399268137085, -6.983427298279794
((B (+ 1)) ((B (+ ((+ 1) 1))) ((B (+ ((+ 1) 1))) ((B (+ ((+ 1) 1))) ((S +) ((B ((S *) I)) ((S +) ((S +) (+ 1))))))))), nan, nan, nan, nan, nan, nan, nan, nan, -7.8867585544425225, -7.888617385474701, -7.902474522967164, -7.8923311472618085, -7.899718030153949, -7.892330658687863, -7.899718030153949
((B (+ ((+ 1) 1))) ((B (+ 1)) (((S B) (S *)) ((S +) (+ 1))))), nan, nan, nan, nan, -6.578584065057669, -6.3961589527269185, -7.0386943548685865, -7.829214738258742, -7.8867585544425225, -7.888617385474701, -7.902474522967164, -7.8923311472618085, -7.899718030153949, -7.892330658687863, -7.899718030153949
((B (+ 1)) ((B (+ ((+ 1) 1))) ((B (+ ((+ 1) 1))) ((B (+ ((+ 1) 1))) ((S +) (((S B) (S *)) ((S +) ((S +) (+ 1))))))))), nan, nan, nan, nan, nan, nan, nan, nan, -7.8867585544425225, -7.888617385474701, -7.902474522967164, -7.8923311472618085, -7.899718030153949, -7.892330658687863, -7.899718030153949
((B (+ 1)) ((B (+ ((+ 1) 1))) ((B ((S *) I)) (+ ((+ 1) 1))))), nan, nan, nan, nan, nan, nan, -7.731841535428532, -7.829214738258742, -7.8867585544425225, -7.888617385474701, -7.902474522967164, -7.8923311472618085, -7.899718030153949, -7.892330658687863, -7.899718030153949
(((S B) ((S B) (S *))) ((B (+ 1)) (+ ((+ 1) 1)))), nan, nan, nan, nan, -6.984049173165833, -7.089306133286864, -7.731841535428532, -7.829214738258742, -7.8867585544425225, -7.888617385474701, -7.902474522967164, -7.8923311472618085, -7.899718030153949, -7.892330658687863, -7.899718030153949
((B (+ 1)) ((B (+ 1)) (((S B) ((S B) (S *))) ((B (+ 1)) (+ ((+ 1) 1)))))), nan, nan, nan, nan, nan, nan, nan, -7.829214738258742, -7.8867585544425225, -7.888617385474701, -7.902474522967164, -7.8923311472618085, -7.899718030153949, -7.892330658687863, -7.899718030153949
(((S B) ((S B) (S *))) ((B (+ 1)) ((S +) (+ 1)))), nan, nan, nan, nan, -6.578584065057669, -6.3961589527269185, -6.815550803554377, -6.912924006384586, -6.970467822568368, -6.972326653600546, -6.9861837910930085, -6.976040415387653, -6.983427298279794, -6.9760399268137085, -6.983427298279794
((B ((S +) ((S +) (+ 1)))) ((B (+ 1)) ((B (+ 1)) ((S *) ((S +) (+ 1)))))), nan, nan, nan, nan, nan, -7.089306133286864, -6.815550803554377, -6.912924006384586, -6.970467822568368, -6.972326653600546, -6.9861837910930085, -6.976040415387653, -6.983427298279794, -6.9760399268137085, -6.983427298279794
((B ((S +) ((S +) (+ 1)))) ((S *) ((S +) (+ 1)))), nan, nan, nan, nan, -6.578584065057669, -6.578480509520873, -6.815550803554377, -6.912924006384586, -6.970467822568368, -6.972326653600546, -6.9861837910930085, -6.976040415387653, -6.983427298279794, -6.9760399268137085, -6.983427298279794
((B ((S +) ((S +) (+ 1)))) ((S +) ((S *) (+ 1)))), nan, nan, nan, nan, -6.578584065057669, -6.578480509520873, -6.815550803554377, -6.912924006384586, -6.970467822568368, -6.972326653600546, -6.9861837910930085, -6.976040415387653, -6.983427298279794, -6.9760399268137085, -6.983427298279794
((B ((S +) (+ 1))) ((S +) ((B ((S +) (+ 1))) ((B (+ 1)) ((S *) (+ 1)))))), nan, nan, nan, nan, nan, -7.089306133286864, -7.0386943548685865, -7.136067557698796, -7.193611373882577, -7.195470204914756, -7.209327342407218, -7.199183966701863, -7.206570849594003, -7.199183478127917, -7.206570849594003
((B (+ ((+ 1) 1))) ((B (+ ((+ 1) 1))) ((B (+ 1)) ((S *) ((S +) (+ 1)))))), nan, nan, nan, nan, nan, -7.089306133286864, -6.815550803554377, -6.912924006384586, -7.193611373882577, -7.195470204914756, -7.209327342407218, -7.199183966701863, -7.206570849594003, -7.199183478127917, -7.206570849594003
((B (+ 1)) ((B ((S +) ((S +) (+ 1)))) ((B (+ 1)) ((S *) ((S +) (+ 1)))))), nan, nan, nan, nan, nan, -7.4947712413950285, -7.731841535428532, -7.829214738258742, -7.8867585544425225, -7.888617385474701, -7.902474522967164, -7.8923311472618085, -7.899718030153949, -7.892330658687863, -7.899718030153949
((B (+ 1)) ((B ((S +) ((S +) (+ 1)))) ((S +) ((B (+ 1)) ((S *) (+ 1)))))), nan, nan, nan, nan, nan, -7.4947712413950285, -7.326376427320367, -7.423749630150576, -7.481293446334359, -7.483152277366536, -7.497009414858999, -7.486866039153644, -7.494252922045784, -7.486865550579699, -7.494252922045784
((B (+ 1)) ((B (+ 1)) (((S B) ((S B) (S *))) ((B (+ 1)) ((S +) (+ 1)))))), nan, nan, nan, nan, nan, nan, nan, nan, -7.8867585544425225, -7.888617385474701, -7.902474522967164, -7.8923311472618085, -7.899718030153949, -7.892330658687863, -7.899718030153949
((B (+ 1)) ((S *) ((S +) (+ 1)))), nan, nan, nan, -6.161796598722857, -5.479971776389559, -6.108476880275139, -6.345547174308642, -6.442920377138851, -6.500464193322632, -6.50232302435481, -6.516180161847274, -6.506036786141918, -6.513423669034058, -6.506036297567972, -6.513423669034058
((B (+ 1)) ((S +) ((B ((S +) ((S +) (+ 1)))) ((B (+ 1)) ((S *) (+ 1)))))), nan, nan, nan, nan, nan, nan, -7.731841535428532, -7.423749630150576, -7.8867585544425225, -7.888617385474701, -7.902474522967164, -7.8923311472618085, -7.899718030153949, -7.892330658687863, -7.899718030153949
((B (+ 1)) ((S +) ((S +) ((B ((S +) ((S +) (+ 1)))) ((B (+ 1)) ((S *) ((S +) (+ 1)))))))), nan, nan, nan, nan, nan, nan, nan, -7.829214738258742, -7.481293446334359, -7.483152277366536, -7.497009414858999, -7.486866039153644, -7.494252922045784, -7.486865550579699, -7.494252922045784
((B (+ 1)) ((S +) ((S +) ((B ((S +) ((S +) (+ 1)))) ((S +) ((B (+ 1)) ((S *) (+ 1)))))))), nan, nan, nan, nan, nan, nan, nan, -7.829214738258742, -7.481293446334359, -7.483152277366536, -7.497009414858999, -7.486866039153644, -7.494252922045784, -7.486865550579699, -7.494252922045784
((S +) ((B ((S +) ((S +) (+ 1)))) ((B (+ 1)) ((B (+ 1)) ((S *) (+ 1)))))), nan, nan, nan, nan, nan, -6.801624060835083, -6.815550803554377, -7.136067557698796, -6.970467822568368, -6.972326653600546, -6.9861837910930085, -6.976040415387653, -6.983427298279794, -6.9760399268137085, -6.983427298279794
((S +) ((B ((S +) ((S +) (+ 1)))) ((S *) (+ 1)))), nan, nan, nan, nan, nan, -6.578480509520873, -6.345547174308642, -6.5764517697633735, -6.633995585947154, -6.635854416979333, -6.803862234299054, -6.976040415387653, -6.983427298279794, -6.9760399268137085, -6.983427298279794
((S +) ((B ((S +) (+ 1))) ((B ((S +) (+ 1))) ((B (+ 1)) ((S *) (+ 1)))))), nan, nan, nan, nan, nan, -7.4947712413950285, -7.731841535428532, nan, nan, nan, nan, nan, nan, nan, nan
((S +) ((B (+ 1)) ((S *) (+ 1)))), nan, nan, nan, -5.756331490614692, -5.479971776389559, -5.990693844618755, -6.345547174308642, -6.442920377138851, -6.500464193322632, -6.50232302435481, -6.516180161847274, -6.506036786141918, -6.513423669034058, -6.506036297567972, -6.513423669034058
((S +) ((S +) ((B ((S +) ((S +) (+ 1)))) ((B (+ 1)) ((B (+ 1)) ((S *) ((S +) (+ 1)))))))), nan, nan, nan, nan, nan, nan, nan, -7.829214738258742, -7.8867585544425225, -7.888617385474701, -7.902474522967164, -7.8923311472618085, -7.899718030153949, -7.892330658687863, -7.899718030153949
((S +) ((S +) ((B ((S +) ((S +) (+ 1)))) ((S *) ((S +) (+ 1)))))), nan, nan, nan, nan, nan, nan, -7.0386943548685865, -6.912924006384586, -6.970467822568368, -6.972326653600546, -6.9861837910930085, -6.976040415387653, -6.983427298279794, -6.9760399268137085, -6.983427298279794
((S +) ((S +) ((B ((S +) ((S +) (+ 1)))) ((S +) ((S *) (+ 1)))))), nan, nan, nan, nan, nan, nan, -7.326376427320367, -7.423749630150576, -7.481293446334359, -7.483152277366536, -7.497009414858999, -7.486866039153644, -7.494252922045784, -7.486865550579699, -7.494252922045784
((S +) ((S +) ((S +) ((B (+ 1)) ((S *) (+ 1)))))), nan, nan, nan, nan, nan, -7.089306133286864, -6.633229246760422, -6.730602449590631, -6.788146265774413, -6.790005096806592, -6.803862234299054, -6.793718858593699, -6.80110574148584, -6.793718370019754, -6.80110574148584
((S +) ((S +) ((S +) ((S +) ((B ((S +) ((S +) (+ 1)))) ((S *) ((S +) (+ 1)))))))), nan, nan, nan, nan, nan, nan, nan, nan, -7.481293446334359, -6.972326653600546, -6.9861837910930085, -6.976040415387653, -6.983427298279794, -6.9760399268137085, -6.983427298279794
((S +) ((S +) ((S +) ((S +) ((S +) ((B (+ 1)) ((S *) (+ 1)))))))), nan, nan, nan, nan, nan, nan, nan, -7.829214738258742, -7.193611373882577, -7.195470204914756, -7.209327342407218, -7.199183966701863, -7.206570849594003, -7.199183478127917, -7.206570849594003
((S +) ((S +) ((S +) ((S +) ((S +) ((S +) ((B ((S +) ((S +) (+ 1)))) ((S *) ((S +) (+ 1)))))))))), nan, nan, nan, nan, nan, nan, nan, nan, nan, nan, -7.902474522967164, -7.486866039153644, -7.494252922045784, -7.486865550579699, -7.494252922045784
((S +) ((S +) ((S +) ((S +) ((S +) ((S +) ((S +) ((B (+ 1)) ((S *) (+ 1)))))))))), nan, nan, nan, nan, nan, nan, nan, nan, nan, -7.888617385474701, -7.497009414858999, -7.486866039153644, -7.494252922045784, -7.486865550579699, -7.494252922045784
((B ((S +) (+ 1))) ((B (+ 1)) ((B ((S *) (+ 1))) (+ 1)))), nan, nan, nan, nan, nan, -7.4947712413950285, -6.815550803554377, -6.912924006384586, -6.970467822568368, -6.972326653600546, -6.9861837910930085, -6.976040415387653, -6.983427298279794, -6.9760399268137085, -6.983427298279794
((S +) ((B ((S +) (+ 1))) ((B (+ 1)) ((S +) ((B ((S *) (+ 1))) (+ 1)))))), nan, nan, nan, nan, nan, nan, -7.731841535428532, -7.423749630150576, -7.481293446334359, -7.483152277366536, -7.497009414858999, -7.486866039153644, -7.494252922045784, -7.486865550579699, -7.494252922045784
1, -1.7996291983024268, -1.6254745380614262, -1.9307310777164455, -2.052646092962076, -1.9126953451424125, -1.912601138316109, -1.9125609524404084, -1.9125498727680224, -1.9125513081440724, -1.9125482451696763, -1.9125483387183357, -1.9125480059927646, -1.9125479705396666, -1.9125475615215075, -1.9125479705396666
0, -2.5304379398972916, -2.787973648046347, -2.7457415284256315, -2.7457415284256315, -2.745741528425634, -2.745741528425633, -2.7457415284256355, -2.745741528425633, -2.745741528425638, -2.745741528425632, -2.7457415284256377, -2.745741528425635, -2.745741528425631, -2.7457415284256346, -2.745741528425631
+, -1.6214171838914737, -2.420359388113198, -2.7801029134130832, -3.6854234741152436, -3.9470600336391404, -4.015533773322185, -4.0417948142403475, -4.0507849442448025, -4.0541635433054495, -4.054921037517787, -4.055757563726967, -4.055201711766242, -4.055665405216347, -4.055294822810966, -4.055665405216347
*, -1.472885580957212, -2.393214175181152, -3.452817635334481, -3.858461559936639, -3.931653199975327, -3.953616019043438, -3.9617701852793075, -3.9645278306807383, -3.965559748295048, -3.9657907757604947, -3.9660457658194357, -3.96587634746212, -3.966017681314824, -3.9659047313822997, -3.966017681314824
S, -2.164004416689073, -2.1261099194769812, -2.452340842645118, -3.172132284511058, -3.1714933938780194, -3.0811625648346785, -2.9178266062069076, -2.886442516883989, -2.8864438326874744, -2.8864410248709036, -2.886441110626602, -2.8864408056183404, -2.8864407731186197, -2.8864403981732214, -2.8864407731186197
I, -2.822719741442894, -3.080255449591949, -4.619401815881312, -5.146405029149815, -5.244982083260694, -5.279737867662937, -5.292097535694028, -5.296476069826226, -5.298550927613771, -5.298760086667765, -5.299254005351399, -5.298905349001554, -5.2991724811997996, -5.2989260000501, -5.2991724811997996
C, -2.5744428973638884, -2.8319786055129437, -2.7897464858922283, -2.7897464858922283, -2.789746485892231, -2.7897464858922296, -2.7897464858922323, -2.7897464858922296, -2.789746485892235, -2.7897464858922287, -2.7897464858922345, -2.789746485892232, -2.789746485892228, -2.7897464858922314, -2.789746485892228
B, -2.5558050831409296, -2.530551648553437, -2.154019302582025, -2.161941150353938, -2.0708075944604674, -2.052548559873223, -2.135096495079214, -2.1646583013860594, -2.1646597931529157, -2.16465660984528, -2.1646567070691236, -2.1646563612719847, -2.1646563244260646, -2.164655899339088, -2.1646563244260646
(B ((S +) ((S +) (+ 1)))), nan, nan, nan, -6.009389598500426, -4.172279145863256, -4.412869153342324, -4.605510281192326, -4.733554862448575, -4.773941975899914, -4.783208663797315, -4.7935358807842015, -4.786662635756139, -4.792393271494189, -4.7878109123860675, -4.792393271494189
(B (+ 1)), nan, nan, -3.413453282879424, -2.9889647123560628, -2.8600927568970884, -2.6952176562679906, -2.5604363830166985, -2.408990862735753, -2.3461937399518638, -2.362840535146886, -2.3391838993181735, -2.3515883597160143, -2.340430777425542, -2.3527366363459428, -2.340430777425542
(B ((S +) ((S *) (+ 1)))), nan, nan, nan, -5.603924490392261, nan, nan, nan, nan, nan, nan, nan, nan, nan, nan, nan
((S B) (B ((S *) (+ 1)))), nan, nan, nan, -6.009389598500426, -6.811336475478515, nan, nan, nan, nan, nan, nan, nan, nan, nan, nan
((B (+ 1)) ((B (+ ((+ 1) 1))) (((S B) ((S B) (S *))) (+ ((+ 1) 1))))), nan, nan, nan, nan, nan, -7.4947712413950285, -7.731841535428532, -7.829214738258742, -7.8867585544425225, -7.888617385474701, -7.902474522967164, -7.8923311472618085, -7.899718030153949, -7.892330658687863, -7.899718030153949
((B (+ ((+ 1) 1))) ((B (+ ((+ 1) 1))) ((B (+ ((+ 1) 1))) ((B (+ 1)) ((S *) ((S +) (+ 1))))))), nan, nan, nan, nan, nan, nan, -7.731841535428532, -7.829214738258742, -7.481293446334359, -7.483152277366536, -7.497009414858999, -7.486866039153644, -7.494252922045784, -7.486865550579699, -7.494252922045784
((B (+ ((+ 1) 1))) ((B (+ 1)) ((S *) ((S +) (+ 1))))), nan, nan, nan, nan, -6.578584065057669, -6.578480509520873, -6.815550803554377, -6.912924006384586, -6.970467822568368, -6.972326653600546, -6.9861837910930085, -6.976040415387653, -6.983427298279794, -6.9760399268137085, -6.983427298279794
((B (+ ((+ 1) 1))) ((B (+ 1)) (((S B) (S *)) ((S +) ((S +) (+ 1)))))), nan, nan, nan, nan, nan, -7.4947712413950285, -6.815550803554377, -6.912924006384586, -7.193611373882577, -7.195470204914756, -7.209327342407218, -7.199183966701863, -7.206570849594003, -7.199183478127917, -7.206570849594003
((B (+ 1)) ((B (+ ((+ 1) 1))) ((B (+ ((+ 1) 1))) ((B (+ ((+ 1) 1))) ((S +) (((S B) (S *)) ((S +) (+ 1)))))))), nan, nan, nan, nan, nan, nan, nan, -7.829214738258742, -7.8867585544425225, -7.888617385474701, -7.902474522967164, -7.8923311472618085, -7.899718030153949, -7.892330658687863, -7.899718030153949
((B (+ 1)) ((B (+ ((+ 1) 1))) ((S +) (((S B) (S *)) ((S +) (+ 1)))))), nan, nan, nan, nan, nan, -7.4947712413950285, -7.731841535428532, -7.829214738258742, -7.8867585544425225, nan, nan, nan, nan, nan, nan
((B (+ 1)) ((S +) ((B (+ ((+ 1) 1))) ((B (+ ((+ 1) 1))) ((B (+ ((+ 1) 1))) ((S +) (((S B) (S *)) ((S +) ((S +) (+ 1)))))))))), nan, nan, nan, nan, nan, nan, nan, nan, nan, -7.888617385474701, -7.902474522967164, -7.8923311472618085, -7.899718030153949, -7.892330658687863, -7.899718030153949
((B (+ ((+ 1) 1))) ((B (+ 1)) ((B ((S *) I)) ((S +) (+ ((+ 1) 1)))))), nan, nan, nan, nan, nan, nan, nan, -7.829214738258742, -7.481293446334359, -7.483152277366536, -7.497009414858999, -7.486866039153644, -7.494252922045784, -7.486865550579699, -7.494252922045784
((B (+ ((+ 1) 1))) ((B (+ 1)) ((B ((S *) I)) ((S +) ((S +) (+ 1)))))), nan, nan, nan, nan, nan, -7.4947712413950285, -6.815550803554377, -6.912924006384586, -7.193611373882577, -7.195470204914756, -7.209327342407218, -7.199183966701863, -7.206570849594003, -7.199183478127917, -7.206570849594003
((B (+ 1)) ((S +) ((B (+ ((+ 1) 1))) ((B (+ ((+ 1) 1))) ((B (+ ((+ 1) 1))) ((S +) ((B ((S *) I)) ((S +) ((S +) (+ 1)))))))))), nan, nan, nan, nan, nan, nan, nan, nan, nan, -7.888617385474701, -7.902474522967164, -7.8923311472618085, -7.899718030153949, -7.892330658687863, -7.899718030153949
((S +) ((B (+ ((+ 1) 1))) ((B (+ 1)) ((B ((S *) I)) ((S +) (+ 1)))))), nan, nan, nan, nan, nan, -7.4947712413950285, -7.731841535428532, -7.423749630150576, -7.8867585544425225, -7.888617385474701, -7.902474522967164, -7.8923311472618085, -7.899718030153949, -7.892330658687863, -7.899718030153949
((B (+ ((+ 1) 1))) ((B (+ ((+ 1) 1))) ((B (+ 1)) (((S B) (S *)) ((S +) ((S +) (+ 1))))))), nan, nan, nan, nan, nan, nan, -7.731841535428532, -7.423749630150576, -7.481293446334359, -7.195470204914756, -7.497009414858999, -7.199183966701863, -7.494252922045784, -7.199183478127917, -7.494252922045784
((B (+ 1)) (((S B) (S *)) ((S +) ((S +) (+ 1))))), nan, nan, nan, nan, -6.984049173165833, -6.801624060835083, -7.0386943548685865, -7.136067557698796, -7.193611373882577, -7.195470204914756, -7.209327342407218, -7.199183966701863, -7.206570849594003, -7.199183478127917, -7.206570849594003
((B (+ 1)) ((B (+ 1)) ((B (+ ((+ 1) 1))) ((B (+ ((+ 1) 1))) ((B (+ 1)) (((S B) (S *)) ((S +) ((S +) (+ 1))))))))), nan, nan, nan, nan, nan, nan, nan, nan, -7.8867585544425225, nan, -7.902474522967164, nan, -7.899718030153949, nan, -7.899718030153949
((B (+ 1)) ((S +) (((S B) (S *)) ((S +) (+ 1))))), nan, nan, nan, nan, -6.578584065057669, -6.3961589527269185, -7.0386943548685865, -7.136067557698796, -7.193611373882577, -7.195470204914756, -7.209327342407218, -7.199183966701863, -7.206570849594003, -7.199183478127917, -7.206570849594003
((B (+ 1)) ((B ((S *) I)) ((S +) (+ ((+ 1) 1))))), nan, nan, nan, nan, -6.984049173165833, -7.089306133286864, -7.326376427320367, -7.136067557698796, -7.193611373882577, -7.195470204914756, -7.209327342407218, -7.199183966701863, -7.206570849594003, -7.199183478127917, -7.206570849594003
((S +) ((B ((S *) I)) ((B (+ 1)) (+ ((+ 1) 1))))), nan, nan, nan, nan, -6.984049173165833, -7.089306133286864, -7.326376427320367, nan, nan, nan, nan, nan, nan, nan, nan
((B (+ ((+ 1) 1))) ((B (+ ((+ 1) 1))) ((B (+ 1)) ((B ((S *) I)) ((S +) ((S +) (+ 1))))))), nan, nan, nan, nan, nan, nan, -7.731841535428532, -7.423749630150576, -7.481293446334359, -7.195470204914756, -7.209327342407218, -7.199183966701863, -7.206570849594003, -7.199183478127917, -7.206570849594003
((B (+ 1)) ((B ((S *) I)) ((S +) ((S +) (+ 1))))), nan, nan, nan, nan, -6.984049173165833, -6.801624060835083, -7.0386943548685865, -7.136067557698796, -7.193611373882577, -7.195470204914756, -7.209327342407218, -7.199183966701863, -7.206570849594003, -7.199183478127917, -7.206570849594003
((B (+ 1)) ((B (+ 1)) ((B (+ ((+ 1) 1))) ((B (+ ((+ 1) 1))) ((B (+ 1)) ((B ((S *) I)) ((S +) ((S +) (+ 1))))))))), nan, nan, nan, nan, nan, nan, nan, nan, -7.8867585544425225, nan, nan, nan, nan, nan, nan
((B (+ 1)) ((S +) ((B ((S *) I)) ((S +) (+ 1))))), nan, nan, nan, nan, -6.984049173165833, -7.089306133286864, -7.326376427320367, -7.423749630150576, -7.481293446334359, -7.483152277366536, -7.497009414858999, -7.486866039153644, -7.494252922045784, -7.486865550579699, -7.494252922045784
((S +) ((B ((S +) ((S +) (+ 1)))) (((S B) (S *)) (+ ((+ 1) 1))))), nan, nan, nan, nan, nan, -6.801624060835083, -6.815550803554377, -7.136067557698796, -7.193611373882577, -7.195470204914756, -7.209327342407218, -7.199183966701863, -7.206570849594003, -7.199183478127917, -7.206570849594003
((B ((S *) I)) ((S +) ((S +) (+ 1)))), nan, nan, nan, -5.756331490614692, -5.885436884497723, -6.578480509520873, -7.0386943548685865, -7.136067557698796, -7.193611373882577, -7.195470204914756, -7.209327342407218, -7.199183966701863, -7.206570849594003, -7.199183478127917, -7.206570849594003
((B (+ 1)) ((B (+ ((+ 1) 1))) ((B (+ ((+ 1) 1))) ((B (+ 1)) ((B ((S *) I)) ((S +) ((S +) (+ 1)))))))), nan, nan, nan, nan, nan, nan, nan, -7.829214738258742, -7.481293446334359, -7.888617385474701, -7.902474522967164, -7.8923311472618085, -7.899718030153949, -7.892330658687863, -7.899718030153949
((S +) ((B ((S *) I)) ((S +) (+ 1)))), nan, nan, nan, -5.756331490614692, -5.885436884497723, -6.578480509520873, -6.815550803554377, -6.912924006384586, -6.970467822568368, -6.972326653600546, -6.9861837910930085, -6.976040415387653, -6.983427298279794, -6.9760399268137085, -6.983427298279794
((S +) ((B (+ ((+ 1) 1))) ((B (+ ((+ 1) 1))) ((S +) ((B ((S *) I)) ((S +) ((S +) (+ 1)))))))), nan, nan, nan, nan, nan, nan, nan, -7.829214738258742, -7.8867585544425225, -7.888617385474701, -7.902474522967164, -7.8923311472618085, -7.899718030153949, -7.892330658687863, -7.899718030153949
((S +) ((S +) ((B ((S *) I)) ((S +) ((S +) (+ 1)))))), nan, nan, nan, nan, nan, -6.801624060835083, -6.815550803554377, -6.912924006384586, -6.970467822568368, -6.972326653600546, -6.9861837910930085, -6.976040415387653, -6.983427298279794, -6.9760399268137085, -6.983427298279794
((S +) ((S +) ((S +) ((B ((S *) I)) ((S +) (+ 1)))))), nan, nan, nan, nan, nan, -7.4947712413950285, -7.0386943548685865, -7.136067557698796, -7.193611373882577, -7.195470204914756, -7.209327342407218, -7.199183966701863, -7.206570849594003, -7.199183478127917, -7.206570849594003
((B (+ 1)) ((S +) ((B ((S +) ((S +) (+ 1)))) (((S B) (S *)) (+ ((+ 1) 1)))))), nan, nan, nan, nan, nan, nan, -7.731841535428532, -7.829214738258742, -7.8867585544425225, -7.888617385474701, -7.902474522967164, -7.8923311472618085, -7.899718030153949, -7.892330658687863, -7.899718030153949
(((S B) (S *)) ((S +) ((S +) (+ 1)))), nan, nan, nan, -5.756331490614692, -5.885436884497723, -6.578480509520873, -6.815550803554377, -6.912924006384586, -6.970467822568368, -6.972326653600546, -6.9861837910930085, -6.976040415387653, -6.983427298279794, -6.9760399268137085, -6.983427298279794
((B (+ ((+ 1) 1))) ((B (+ ((+ 1) 1))) ((S +) (((S B) (S *)) ((S +) (+ 1)))))), nan, nan, nan, nan, nan, -7.4947712413950285, -7.326376427320367, -7.423749630150576, -7.481293446334359, -7.195470204914756, -7.209327342407218, -7.199183966701863, -7.206570849594003, -7.199183478127917, -7.206570849594003
((B (+ 1)) ((B (+ ((+ 1) 1))) ((B (+ ((+ 1) 1))) ((B (+ 1)) (((S B) (S *)) ((S +) ((S +) (+ 1)))))))), nan, nan, nan, nan, nan, nan, nan, -7.829214738258742, -7.481293446334359, -7.888617385474701, -7.497009414858999, -7.8923311472618085, -7.494252922045784, -7.892330658687863, -7.494252922045784
((B (+ 1)) ((B (+ 1)) ((S +) (((S B) (S *)) ((S +) (+ 1)))))), nan, nan, nan, nan, nan, -7.4947712413950285, nan, nan, nan, nan, nan, nan, nan, nan, nan
((S +) (((S B) (S *)) ((S +) (+ 1)))), nan, nan, nan, -6.161796598722857, -5.597754812045943, -6.24200827289966, -6.479078566933164, -6.442920377138851, -6.500464193322632, -6.50232302435481, -6.516180161847274, -6.506036786141918, -6.513423669034058, -6.506036297567972, -6.513423669034058
((S +) ((B (+ ((+ 1) 1))) ((B (+ ((+ 1) 1))) ((S +) (((S B) (S *)) ((S +) ((S +) (+ 1)))))))), nan, nan, nan, nan, nan, nan, nan, -7.829214738258742, -7.8867585544425225, -7.888617385474701, -7.902474522967164, -7.8923311472618085, -7.899718030153949, -7.892330658687863, -7.899718030153949
((S +) ((S +) (((S B) (S *)) ((S +) ((S +) (+ 1)))))), nan, nan, nan, nan, nan, -7.089306133286864, -6.815550803554377, -6.912924006384586, -6.970467822568368, -6.972326653600546, -6.9861837910930085, -6.976040415387653, -6.983427298279794, -6.9760399268137085, -6.983427298279794
((B ((S *) I)) ((S +) (+ ((+ 1) 1)))), nan, nan, nan, -6.161796598722857, -6.067758441291678, -6.801624060835083, -7.0386943548685865, -7.136067557698796, -7.193611373882577, -7.195470204914756, -7.209327342407218, -7.199183966701863, -7.206570849594003, -7.199183478127917, -7.206570849594003
((S +) ((B ((S *) I)) (+ ((+ 1) 1)))), nan, nan, nan, -5.756331490614692, -6.290901992605888, -6.801624060835083, -7.0386943548685865, -7.136067557698796, -7.193611373882577, -7.195470204914756, -7.209327342407218, -7.199183966701863, -7.206570849594003, -7.199183478127917, -7.206570849594003
((S +) ((S +) ((S +) ((B ((S *) I)) (+ ((+ 1) 1)))))), nan, nan, nan, nan, nan, -7.089306133286864, -6.815550803554377, -7.136067557698796, -7.193611373882577, -7.195470204914756, -7.209327342407218, -7.199183966701863, -7.206570849594003, -7.199183478127917, -7.206570849594003
((S +) ((S +) ((S +) ((S +) ((S +) ((B ((S *) I)) (+ ((+ 1) 1)))))))), nan, nan, nan, nan, nan, nan, nan, -7.829214738258742, -7.481293446334359, -7.888617385474701, -7.902474522967164, -7.8923311472618085, -7.899718030153949, -7.892330658687863, -7.899718030153949
((B (+ ((+ 1) 1))) ((S +) ((S +) ((B ((S *) I)) ((S +) ((S +) (+ 1))))))), nan, nan, nan, nan, nan, nan, -7.326376427320367, -7.423749630150576, -7.481293446334359, -7.483152277366536, -7.497009414858999, -7.486866039153644, -7.494252922045784, -7.486865550579699, -7.494252922045784
((B (+ 1)) ((B (+ ((+ 1) 1))) ((B (+ 1)) ((B ((S *) I)) ((S +) ((S +) (+ 1))))))), nan, nan, nan, nan, nan, nan, -7.731841535428532, -7.423749630150576, nan, nan, nan, nan, nan, nan, nan
((B (+ 1)) ((S +) ((B (+ ((+ 1) 1))) ((B (+ 1)) ((B ((S *) I)) ((S +) (+ 1))))))), nan, nan, nan, nan, nan, nan, -7.731841535428532, -7.829214738258742, -7.481293446334359, -7.483152277366536, -7.497009414858999, -7.486866039153644, -7.494252922045784, -7.486865550579699, -7.494252922045784
((S +) ((B (+ ((+ 1) 1))) ((B (+ ((+ 1) 1))) ((B (+ ((+ 1) 1))) ((S +) ((B ((S *) I)) ((S +) ((S +) (+ 1))))))))), nan, nan, nan, nan, nan, nan, nan, nan, -7.8867585544425225, -7.888617385474701, -7.902474522967164, -7.8923311472618085, -7.899718030153949, -7.892330658687863, -7.899718030153949
((B (+ ((+ 1) 1))) ((B (+ ((+ 1) 1))) ((B (+ ((+ 1) 1))) ((S +) (((S B) (S *)) ((S +) (+ 1))))))), nan, nan, nan, nan, nan, nan, -7.731841535428532, -7.423749630150576, -7.481293446334359, -7.483152277366536, -7.497009414858999, -7.486866039153644, -7.494252922045784, -7.486865550579699, -7.494252922045784
((B (+ ((+ 1) 1))) ((S +) (((S B) (S *)) ((S +) (+ 1))))), nan, nan, nan, nan, -6.984049173165833, -6.3961589527269185, -6.633229246760422, -6.730602449590631, -6.788146265774413, -6.972326653600546, -6.9861837910930085, -6.976040415387653, -6.983427298279794, -6.9760399268137085, -6.983427298279794
((B (+ ((+ 1) 1))) ((S +) ((S +) (((S B) (S *)) ((S +) ((S +) (+ 1))))))), nan, nan, nan, nan, nan, nan, -7.731841535428532, -7.423749630150576, -7.481293446334359, -7.483152277366536, -7.497009414858999, -7.486866039153644, -7.494252922045784, -7.486865550579699, -7.494252922045784
((B (+ 1)) ((B (+ ((+ 1) 1))) ((B (+ 1)) (((S B) (S *)) ((S +) ((S +) (+ 1))))))), nan, nan, nan, nan, nan, nan, -7.731841535428532, -7.829214738258742, nan, nan, nan, nan, nan, nan, nan
((S +) ((B (+ ((+ 1) 1))) ((B (+ ((+ 1) 1))) ((B (+ ((+ 1) 1))) ((S +) (((S B) (S *)) ((S +) ((S +) (+ 1))))))))), nan, nan, nan, nan, nan, nan, nan, nan, -7.8867585544425225, -7.888617385474701, -7.902474522967164, -7.8923311472618085, -7.899718030153949, -7.892330658687863, -7.899718030153949
((B (+ 1)) ((B (+ ((+ 1) 1))) ((B (+ 1)) ((B ((S *) I)) ((S +) (+ ((+ 1) 1))))))), nan, nan, nan, nan, nan, nan, nan, nan, -7.8867585544425225, nan, -7.902474522967164, nan, -7.899718030153949, nan, -7.899718030153949
((B ((S +) (+ 1))) ((B (+ ((+ 1) 1))) ((B ((S *) (+ 1))) (+ 1)))), nan, nan, nan, nan, nan, -7.4947712413950285, nan, nan, nan, nan, nan, nan, nan, nan, nan
((B (+ 1)) ((B (+ ((+ 1) 1))) ((B (+ ((+ 1) 1))) ((B (+ ((+ 1) 1))) ((B (+ 1)) ((S *) ((S +) (+ 1)))))))), nan, nan, nan, nan, nan, nan, nan, -7.829214738258742, -7.8867585544425225, -7.888617385474701, -7.902474522967164, -7.8923311472618085, -7.899718030153949, -7.892330658687863, -7.899718030153949
((B (+ ((+ 1) 1))) (((S B) ((S B) (S *))) (+ ((+ 1) 1)))), nan, nan, nan, nan, -6.984049173165833, -6.801624060835083, -7.0386943548685865, -7.136067557698796, -7.193611373882577, -7.195470204914756, -7.209327342407218, -7.199183966701863, -7.206570849594003, -7.199183478127917, -7.206570849594003
((B ((S +) (+ 1))) ((B ((S *) (+ 1))) (+ 1))), nan, nan, nan, nan, -6.984049173165833, -6.801624060835083, -7.0386943548685865, -7.423749630150576, -7.193611373882577, -7.195470204914756, -7.497009414858999, -7.486866039153644, -7.494252922045784, -7.486865550579699, -7.494252922045784
((B (+ 1)) ((B ((S +) (+ 1))) ((B (+ 1)) ((B ((S *) (+ 1))) (+ 1))))), nan, nan, nan, nan, nan, nan, nan, nan, -7.8867585544425225, -7.888617385474701, -7.902474522967164, -7.8923311472618085, -7.899718030153949, -7.892330658687863, -7.899718030153949
((B (+ 1)) ((S +) ((B ((S +) (+ 1))) ((B (+ 1)) ((S +) ((B ((S *) (+ 1))) (+ 1))))))), nan, nan, nan, nan, nan, nan, nan, -7.829214738258742, -7.8867585544425225, -7.888617385474701, -7.902474522967164, -7.8923311472618085, -7.899718030153949, -7.892330658687863, -7.899718030153949
((S +) ((B ((S +) (+ 1))) ((S +) ((B ((S *) (+ 1))) (+ 1))))), nan, nan, nan, nan, nan, -7.4947712413950285, -7.731841535428532, -7.829214738258742, nan, nan, nan, nan, nan, nan, nan
(((S B) ((S B) (S *))) ((S +) (+ 1))), nan, nan, nan, -5.756331490614692, -6.290901992605888, -6.801624060835083, -7.0386943548685865, -7.136067557698796, -7.193611373882577, -7.195470204914756, -7.209327342407218, -7.199183966701863, -7.206570849594003, -7.199183478127917, -7.206570849594003
((B ((S +) ((S +) (+ 1)))) ((B (+ 1)) ((S *) ((S +) (+ 1))))), nan, nan, nan, nan, -6.578584065057669, -6.578480509520873, -7.0386943548685865, -6.912924006384586, -6.970467822568368, -6.972326653600546, -6.9861837910930085, -6.976040415387653, -6.983427298279794, -6.9760399268137085, -6.983427298279794
((B ((S +) ((S +) (+ 1)))) ((S +) ((B (+ 1)) ((S *) (+ 1))))), nan, nan, nan, nan, -6.578584065057669, -6.578480509520873, -7.0386943548685865, -6.912924006384586, -6.970467822568368, -6.972326653600546, -6.9861837910930085, -6.976040415387653, -6.983427298279794, -6.9760399268137085, -6.983427298279794
((B (+ 1)) (((S B) ((S B) (S *))) ((B (+ 1)) ((S +) (+ 1))))), nan, nan, nan, nan, nan, -7.4947712413950285, -7.326376427320367, -7.423749630150576, -7.481293446334359, -7.483152277366536, -7.497009414858999, -7.486866039153644, -7.494252922045784, -7.486865550579699, -7.494252922045784
((B (+ 1)) ((B ((S +) ((S +) (+ 1)))) ((B (+ 1)) ((B (+ 1)) ((S *) ((S +) (+ 1))))))), nan, nan, nan, nan, nan, nan, -7.731841535428532, -7.829214738258742, -7.8867585544425225, -7.888617385474701, -7.902474522967164, -7.8923311472618085, -7.899718030153949, -7.892330658687863, -7.899718030153949
((B (+ 1)) ((B ((S +) ((S +) (+ 1)))) ((S *) ((S +) (+ 1))))), nan, nan, nan, nan, nan, -7.4947712413950285, -7.326376427320367, -7.829214738258742, -7.8867585544425225, -7.888617385474701, -7.902474522967164, -7.8923311472618085, -7.899718030153949, -7.892330658687863, -7.899718030153949
((B (+ 1)) ((B ((S +) ((S +) (+ 1)))) ((S +) ((S *) (+ 1))))), nan, nan, nan, nan, nan, -7.4947712413950285, -7.326376427320367, -7.829214738258742, -7.8867585544425225, -7.888617385474701, -7.902474522967164, -7.8923311472618085, -7.899718030153949, -7.892330658687863, -7.899718030153949
((B (+ 1)) ((B ((S +) (+ 1))) ((S +) ((B ((S +) (+ 1))) ((B (+ 1)) ((S *) (+ 1))))))), nan, nan, nan, nan, nan, nan, nan, nan, -7.8867585544425225, -7.888617385474701, -7.902474522967164, -7.8923311472618085, -7.899718030153949, -7.892330658687863, -7.899718030153949
((B (+ 1)) ((B (+ ((+ 1) 1))) ((B (+ ((+ 1) 1))) ((B (+ 1)) ((S *) ((S +) (+ 1))))))), nan, nan, nan, nan, nan, nan, -7.731841535428532, -7.829214738258742, nan, nan, nan, nan, nan, nan, nan
((B (+ 1)) ((B (+ 1)) ((S *) ((S +) (+ 1))))), nan, nan, nan, nan, -6.984049173165833, -6.801624060835083, -7.0386943548685865, -7.136067557698796, -7.193611373882577, -7.195470204914756, -7.209327342407218, -7.199183966701863, -7.206570849594003, -7.199183478127917, -7.206570849594003
((B (+ 1)) ((S +) ((B ((S +) ((S +) (+ 1)))) ((B (+ 1)) ((B (+ 1)) ((S *) (+ 1))))))), nan, nan, nan, nan, nan, nan, -7.731841535428532, -7.829214738258742, -7.8867585544425225, -7.888617385474701, -7.902474522967164, -7.8923311472618085, -7.899718030153949, -7.892330658687863, -7.899718030153949
((B (+ 1)) ((S +) ((B ((S +) ((S +) (+ 1)))) ((S *) (+ 1))))), nan, nan, nan, nan, nan, nan, -7.731841535428532, -7.423749630150576, -7.8867585544425225, -7.483152277366536, -7.902474522967164, -7.8923311472618085, -7.899718030153949, -7.892330658687863, -7.899718030153949
((B (+ 1)) ((S +) ((B (+ 1)) ((S *) (+ 1))))), nan, nan, nan, nan, -6.578584065057669, -7.089306133286864, nan, nan, nan, nan, nan, nan, nan, nan, nan
((B (+ 1)) ((S +) ((S +) ((B ((S +) ((S +) (+ 1)))) ((B (+ 1)) ((B (+ 1)) ((S *) ((S +) (+ 1))))))))), nan, nan, nan, nan, nan, nan, nan, nan, -7.8867585544425225, -7.888617385474701, -7.902474522967164, -7.8923311472618085, -7.899718030153949, -7.892330658687863, -7.899718030153949
((B (+ 1)) ((S +) ((S +) ((B ((S +) ((S +) (+ 1)))) ((S *) ((S +) (+ 1))))))), nan, nan, nan, nan, nan, nan, nan, -7.829214738258742, -7.481293446334359, -7.483152277366536, -7.497009414858999, -7.486866039153644, -7.494252922045784, -7.486865550579699, -7.494252922045784
((B (+ 1)) ((S +) ((S +) ((B ((S +) ((S +) (+ 1)))) ((S +) ((S *) (+ 1))))))), nan, nan, nan, nan, nan, nan, nan, -7.829214738258742, -7.481293446334359, -7.483152277366536, -7.497009414858999, -7.486866039153644, -7.494252922045784, -7.486865550579699, -7.494252922045784
((B (+ 1)) ((S +) ((S +) ((S +) ((S +) ((B ((S +) ((S +) (+ 1)))) ((S *) ((S +) (+ 1))))))))), nan, nan, nan, nan, nan, nan, nan, nan, nan, nan, -7.902474522967164, -7.486866039153644, -7.494252922045784, -7.486865550579699, -7.494252922045784
((S *) ((S +) (+ 1))), nan, nan, nan, -5.756331490614692, -5.731286204670465, -6.3961589527269185, -7.0386943548685865, -7.136067557698796, -7.193611373882577, -7.195470204914756, -7.209327342407218, -7.199183966701863, -7.206570849594003, -7.199183478127917, -7.206570849594003
((S +) ((B ((S +) ((S +) (+ 1)))) ((B (+ 1)) ((S *) (+ 1))))), nan, nan, nan, nan, nan, -6.578480509520873, -6.479078566933164, -6.912924006384586, -6.788146265774413, -7.195470204914756, -6.9861837910930085, -6.976040415387653, -6.983427298279794, -6.9760399268137085, -6.983427298279794
((S +) ((S *) (+ 1))), nan, nan, nan, -5.756331490614692, -5.885436884497723, -6.3961589527269185, -6.633229246760422, -6.730602449590631, -6.788146265774413, -6.790005096806592, -6.803862234299054, -6.793718858593699, -6.80110574148584, -6.793718370019754, -6.80110574148584
((S +) ((S +) ((B ((S +) ((S +) (+ 1)))) ((B (+ 1)) ((S *) ((S +) (+ 1))))))), nan, nan, nan, nan, nan, nan, -7.326376427320367, -7.136067557698796, -7.8867585544425225, -7.888617385474701, -7.902474522967164, -7.8923311472618085, -7.899718030153949, -7.892330658687863, -7.899718030153949
((S +) ((S +) ((B ((S +) ((S +) (+ 1)))) ((S +) ((B (+ 1)) ((S *) (+ 1))))))), nan, nan, nan, nan, nan, nan, -7.326376427320367, -7.423749630150576, -7.8867585544425225, -7.888617385474701, -7.902474522967164, -7.8923311472618085, -7.899718030153949, -7.892330658687863, -7.899718030153949
((S +) ((S +) (+ 1))), nan, nan, nan, -4.657719201946582, -5.374611260731733, -5.990693844618755, -6.345547174308642, -6.325137341482467, -6.382681157666248, -6.384539988698426, -6.39839712619089, -6.506036786141918, -6.513423669034058, -6.506036297567972, -6.513423669034058
(+ 1), nan, -1.692620233438378, -2.5379845455255237, -4.146893578180592, -5.112246996264242, -5.790023149156603, -6.122403622994431, -6.21977682582464, -6.277320642008423, -6.2791794730406005, -6.293036610533063, -6.282893234827708, -6.290280117719848, -6.282892746253763, -6.290280117719848
(S +), nan, nan, -4.329744014753579, -3.064950619333985, -3.0501363597849536, -3.0053725845718304, -3.017931162570725, -3.1075876480632627, -3.0947707254511396, -3.088612943022908, -3.098940160009794, -3.0971820156485017, -3.1029126513865517, -3.09833029227843, -3.1029126513865517
((S B) ((S B) (S *))), nan, nan, nan, -4.756626630005058, -5.201898563044415, -5.888775673151902, -6.136986652156715, -6.237632259224847, -6.278019372676189, -6.287286060573589, -6.297613277560476, -6.290740032532414, -6.296470668270462, -6.29188830916234, -6.296470668270462
(S *), nan, -2.608910965312533, -2.9434496536336883, -4.399951686066325, -5.201898563044415, -5.770992637495518, -6.136986652156715, -6.119849223568464, -6.160236337019805, -6.169503024917205, -6.179830241904092, -6.290740032532414, -6.296470668270462, -6.29188830916234, -6.296470668270462
(S B), nan, nan, -3.8189183909875877, -2.815692991082025, -3.0155436579451, -3.1523441795114664, -3.105779990409064, -3.0680274833634305, -3.0680290611651975, -3.0680256942663107, -3.0680257970973464, -3.068025431357046, -3.0680253923861116, -3.0680249427831012, -3.0680253923861116
((S B) (B ((S *) I))), nan, nan, nan, -5.093098866626271, -6.4058713673703505, -7.275070034271792, -7.5232810132766055, -7.623926620344738, -7.66431373379608, -7.6735804216934795, -7.683907638680366, -7.677034393652304, -7.682765029390353, -7.678182670282231, -7.682765029390353
(((S B) ((S B) (S *))) (+ ((+ 1) 1))), nan, nan, nan, -6.161796598722857, -5.731286204670465, -6.578480509520873, -6.815550803554377, -7.136067557698796, -7.481293446334359, -7.483152277366536, -7.497009414858999, -7.486866039153644, -7.494252922045784, -7.486865550579699, -7.494252922045784
((B (+ 1)) (((S B) ((S B) (S *))) ((B (+ 1)) (+ ((+ 1) 1))))), nan, nan, nan, nan, nan, -7.4947712413950285, -7.326376427320367, -7.423749630150576, -7.481293446334359, -7.483152277366536, -7.497009414858999, -7.486866039153644, -7.494252922045784, -7.486865550579699, -7.494252922045784
((S +) (+ ((+ 1) 1))), nan, nan, nan, -6.161796598722857, -6.984049173165833, -7.4947712413950285, -7.731841535428532, -7.829214738258742, -7.8867585544425225, -7.888617385474701, -7.902474522967164, -7.8923311472618085, -7.899718030153949, -7.892330658687863, -7.899718030153949
(((S B) (B ((S *) I))) ((S +) (+ 1))), nan, nan, nan, -5.756331490614692, -6.290901992605888, -6.801624060835083, -7.326376427320367, -7.423749630150576, -7.481293446334359, -7.483152277366536, -7.497009414858999, -7.486866039153644, -7.494252922045784, -7.486865550579699, -7.494252922045784
((B ((S +) (+ 1))) ((B (+ ((+ 1) 1))) ((S +) (((S B) (S *)) ((S +) (+ 1)))))), nan, nan, nan, nan, nan, -7.4947712413950285, -7.0386943548685865, -7.136067557698796, -7.193611373882577, -7.195470204914756, -7.209327342407218, -7.199183966701863, -7.206570849594003, -7.199183478127917, -7.206570849594003
((B (+ 1)) ((B (+ 1)) ((S +) ((B ((S +) (+ 1))) (((S B) (S *)) (+ ((+ 1) 1))))))), nan, nan, nan, nan, nan, nan, nan, -7.829214738258742, -7.481293446334359, -7.483152277366536, -7.497009414858999, -7.486866039153644, -7.494252922045784, -7.486865550579699, -7.494252922045784
((S +) ((B ((S +) (+ 1))) (((S B) (S *)) (+ ((+ 1) 1))))), nan, nan, nan, nan, nan, -7.089306133286864, -7.0386943548685865, -7.423749630150576, -7.8867585544425225, -7.888617385474701, -7.902474522967164, -7.8923311472618085, -7.899718030153949, -7.892330658687863, -7.899718030153949
((B ((S +) (+ 1))) ((S +) (((S B) (S *)) ((S +) (+ 1))))), nan, nan, nan, nan, -6.578584065057669, -6.801624060835083, -7.0386943548685865, -7.136067557698796, -7.481293446334359, -7.483152277366536, -7.497009414858999, -7.486866039153644, -7.494252922045784, -7.486865550579699, -7.494252922045784
((B ((S *) (+ 1))) ((S +) ((S +) (+ 1)))), nan, nan, nan, -6.161796598722857, -6.578584065057669, -7.4947712413950285, -7.731841535428532, -7.829214738258742, -7.8867585544425225, -7.888617385474701, -7.902474522967164, -7.8923311472618085, -7.899718030153949, -7.892330658687863, -7.899718030153949
((B ((S *) (+ 1))) (+ 1)), nan, nan, nan, -5.245505866848702, -5.279301080927408, -5.885333328960928, -6.122403622994431, -6.21977682582464, -6.277320642008423, -6.2791794730406005, -6.293036610533063, -6.282893234827708, -6.290280117719848, -6.282892746253763, -6.290280117719848
((B (+ 1)) ((B ((S +) ((S +) (+ 1)))) ((B ((S *) (+ 1))) (+ 1)))), nan, nan, nan, nan, nan, -7.4947712413950285, -7.731841535428532, -7.829214738258742, -7.8867585544425225, -7.888617385474701, -7.902474522967164, -7.8923311472618085, -7.899718030153949, -7.892330658687863, -7.899718030153949
((S +) ((B ((S *) (+ 1))) ((S +) (+ 1)))), nan, nan, nan, -5.756331490614692, -5.885436884497723, -6.578480509520873, -7.0386943548685865, -7.136067557698796, -7.193611373882577, -7.195470204914756, -7.209327342407218, -7.199183966701863, -7.206570849594003, -7.199183478127917, -7.206570849594003
((S +) ((S +) ((B ((S *) (+ 1))) (+ 1)))), nan, nan, nan, nan, -6.578584065057669, -6.578480509520873, -6.815550803554377, -7.136067557698796, -7.193611373882577, -7.195470204914756, -7.209327342407218, -7.199183966701863, -7.206570849594003, -7.199183478127917, -7.206570849594003
((S +) ((S +) ((S +) ((B ((S *) (+ 1))) ((S +) (+ 1)))))), nan, nan, nan, nan, nan, -7.4947712413950285, -7.326376427320367, -7.423749630150576, -7.481293446334359, -7.483152277366536, -7.497009414858999, -7.486866039153644, -7.494252922045784, -7.486865550579699, -7.494252922045784
((S +) ((S +) ((S +) ((S +) ((B ((S *) (+ 1))) (+ 1)))))), nan, nan, nan, nan, nan, nan, -7.326376427320367, -6.912924006384586, -6.970467822568368, -7.195470204914756, -7.209327342407218, -7.199183966701863, -7.206570849594003, -7.199183478127917, -7.206570849594003
((S +) ((S +) ((S +) ((S +) ((S +) ((S +) ((B ((S *) (+ 1))) (+ 1)))))))), nan, nan, nan, nan, nan, nan, nan, nan, -7.8867585544425225, -7.483152277366536, -7.497009414858999, -7.486866039153644, -7.494252922045784, -7.486865550579699, -7.494252922045784
((B ((S +) ((S +) (+ 1)))) ((B (+ 1)) ((S +) ((B ((S +) (+ 1))) ((S *) (+ 1)))))), nan, nan, nan, nan, nan, nan, -7.731841535428532, -7.423749630150576, -7.481293446334359, -7.483152277366536, -7.497009414858999, -7.486866039153644, -7.494252922045784, -7.486865550579699, -7.494252922045784
((B ((S +) (+ 1))) ((S +) ((B ((S +) ((S +) (+ 1)))) ((B (+ 1)) ((S *) (+ 1)))))), nan, nan, nan, nan, nan, nan, -7.731841535428532, nan, nan, nan, nan, nan, nan, nan, nan
((B ((S +) (+ 1))) ((S +) ((S *) (+ 1)))), nan, nan, nan, nan, -6.578584065057669, -6.801624060835083, -7.0386943548685865, -7.136067557698796, -7.193611373882577, -7.195470204914756, -7.209327342407218, -7.199183966701863, -7.206570849594003, -7.199183478127917, -7.206570849594003
((B (+ 1)) ((B ((S +) ((S +) (+ 1)))) ((S +) ((B ((S +) (+ 1))) ((S *) (+ 1)))))), nan, nan, nan, nan, nan, nan, -7.731841535428532, -7.829214738258742, -7.8867585544425225, -7.888617385474701, -7.902474522967164, -7.8923311472618085, -7.899718030153949, -7.892330658687863, -7.899718030153949
((B (+ 1)) ((B ((S +) (+ 1))) ((S +) ((B (+ 1)) ((S *) (+ 1)))))), nan, nan, nan, nan, nan, -7.4947712413950285, -7.0386943548685865, -7.423749630150576, -7.8867585544425225, -7.888617385474701, -7.902474522967164, -7.8923311472618085, -7.899718030153949, -7.892330658687863, -7.899718030153949
((B (+ 1)) ((S +) ((B ((S +) ((S +) (+ 1)))) ((B ((S +) (+ 1))) ((S *) (+ 1)))))), nan, nan, nan, nan, nan, nan, -7.731841535428532, -7.423749630150576, -7.8867585544425225, -7.888617385474701, -7.902474522967164, -7.8923311472618085, -7.899718030153949, -7.892330658687863, -7.899718030153949
((B (+ 1)) ((S +) ((B ((S +) (+ 1))) ((B (+ 1)) ((S *) (+ 1)))))), nan, nan, nan, nan, nan, -7.4947712413950285, -7.731841535428532, -7.829214738258742, -7.8867585544425225, -7.888617385474701, -7.902474522967164, -7.8923311472618085, -7.899718030153949, -7.892330658687863, -7.899718030153949
((S +) ((B ((S +) ((S +) (+ 1)))) ((B (+ 1)) ((B ((S +) (+ 1))) ((S *) (+ 1)))))), nan, nan, nan, nan, nan, nan, -7.731841535428532, -7.829214738258742, -7.193611373882577, -7.195470204914756, -7.209327342407218, -7.199183966701863, -7.206570849594003, -7.199183478127917, -7.206570849594003
((S +) ((B ((S +) (+ 1))) ((B (+ 1)) ((B (+ 1)) ((S *) (+ 1)))))), nan, nan, nan, nan, nan, -7.4947712413950285, -7.326376427320367, -7.423749630150576, -7.8867585544425225, -7.888617385474701, -7.902474522967164, -7.8923311472618085, -7.899718030153949, -7.892330658687863, -7.899718030153949
((S +) ((B ((S +) (+ 1))) ((S *) (+ 1)))), nan, nan, nan, nan, -6.578584065057669, -6.578480509520873, -6.815550803554377, -6.912924006384586, -6.970467822568368, -6.972326653600546, -6.9861837910930085, -6.976040415387653, -6.983427298279794, -6.9760399268137085, -6.983427298279794
((S +) ((B ((S +) (+ 1))) ((S +) ((S +) ((S *) (+ 1)))))), nan, nan, nan, nan, nan, nan, nan, -7.829214738258742, -6.970467822568368, -6.790005096806592, -6.803862234299054, -6.793718858593699, -6.80110574148584, -6.793718370019754, -6.80110574148584
((S +) ((S +) ((S +) ((B ((S +) (+ 1))) ((S +) ((S +) ((S *) (+ 1)))))))), nan, nan, nan, nan, nan, nan, nan, nan, nan, -7.888617385474701, -7.497009414858999, -7.486866039153644, -7.494252922045784, -7.486865550579699, -7.494252922045784
((B (+ 1)) ((B (+ 1)) ((S +) ((S +) ((S +) ((B ((S *) (+ 1))) (+ ((+ 1) 1)))))))), nan, nan, nan, nan, nan, nan, nan, nan, -7.8867585544425225, -7.888617385474701, -7.902474522967164, -7.8923311472618085, -7.899718030153949, -7.892330658687863, -7.899718030153949
((S +) ((B ((S *) (+ 1))) (+ ((+ 1) 1)))), nan, nan, nan, -5.756331490614692, -5.885436884497723, -6.578480509520873, -6.815550803554377, -6.912924006384586, -6.970467822568368, -6.972326653600546, -6.9861837910930085, -6.976040415387653, -6.983427298279794, -6.9760399268137085, -6.983427298279794
((S +) ((S +) ((S +) ((B ((S *) (+ 1))) (+ ((+ 1) 1)))))), nan, nan, nan, nan, nan, -6.801624060835083, -6.815550803554377, -7.136067557698796, -7.193611373882577, -7.195470204914756, -7.209327342407218, -7.199183966701863, -7.206570849594003, -7.199183478127917, -7.206570849594003
((B ((S +) (+ 1))) (((S B) ((S B) (S *))) (+ ((+ 1) 1)))), nan, nan, nan, nan, -6.984049173165833, -7.4947712413950285, -7.731841535428532, nan, nan, nan, nan, nan, nan, nan, nan
((B (+ ((+ 1) 1))) ((B ((S *) (+ 1))) (+ 1))), nan, nan, nan, nan, -6.984049173165833, -6.578480509520873, -7.326376427320367, -7.829214738258742, -7.8867585544425225, -7.888617385474701, -7.902474522967164, -7.8923311472618085, -7.899718030153949, -7.892330658687863, -7.899718030153949
((B (+ ((+ 1) 1))) ((S +) ((B ((S +) (+ 1))) ((S +) ((S +) ((S *) (+ 1))))))), nan, nan, nan, nan, nan, nan, nan, nan, nan, -7.888617385474701, -7.497009414858999, -7.486866039153644, -7.494252922045784, -7.486865550579699, -7.494252922045784
((B (+ 1)) ((B ((S +) (+ 1))) ((B (+ ((+ 1) 1))) ((B (+ 1)) ((S *) ((S +) (+ 1))))))), nan, nan, nan, nan, nan, nan, -7.731841535428532, nan, -7.8867585544425225, -7.888617385474701, -7.902474522967164, -7.8923311472618085, -7.899718030153949, -7.892330658687863, -7.899718030153949
((S +) ((B (+ ((+ 1) 1))) ((B ((S +) (+ 1))) ((B (+ 1)) ((B (+ 1)) ((S *) (+ 1))))))), nan, nan, nan, nan, nan, nan, nan, -7.829214738258742, -7.8867585544425225, -7.888617385474701, -7.902474522967164, -7.8923311472618085, -7.899718030153949, -7.892330658687863, -7.899718030153949
((B (+ ((+ 1) 1))) ((S +) ((B ((S *) (+ 1))) (+ ((+ 1) 1))))), nan, nan, nan, nan, -6.984049173165833, -7.4947712413950285, -7.731841535428532, -7.829214738258742, -7.8867585544425225, -7.888617385474701, -7.902474522967164, -7.8923311472618085, -7.899718030153949, -7.892330658687863, -7.899718030153949
((B ((S +) (+ 1))) ((B (+ ((+ 1) 1))) ((B (+ 1)) ((S *) ((S +) (+ 1)))))), nan, nan, nan, nan, nan, -7.089306133286864, -7.0386943548685865, -7.423749630150576, -7.8867585544425225, -7.888617385474701, -7.902474522967164, -7.8923311472618085, -7.899718030153949, -7.892330658687863, -7.899718030153949
((B (+ 1)) ((S +) ((B (+ ((+ 1) 1))) ((B ((S +) (+ 1))) ((B (+ 1)) ((B (+ 1)) ((S *) (+ 1)))))))), nan, nan, nan, nan, nan, nan, nan, nan, -7.8867585544425225, -7.888617385474701, -7.902474522967164, -7.8923311472618085, -7.899718030153949, -7.892330658687863, -7.899718030153949
((B (+ ((+ 1) 1))) ((B (+ 1)) ((S +) ((B ((S *) (+ 1))) ((S +) (+ 1)))))), nan, nan, nan, nan, nan, -7.4947712413950285, -7.326376427320367, -7.423749630150576, -7.481293446334359, -7.483152277366536, -7.497009414858999, -7.486866039153644, -7.494252922045784, -7.486865550579699, -7.494252922045784
((B (+ 1)) ((S +) ((S +) ((S +) ((B ((S *) (+ 1))) (+ ((+ 1) 1))))))), nan, nan, nan, nan, nan, nan, -7.731841535428532, -7.423749630150576, -7.481293446334359, -7.483152277366536, -7.497009414858999, -7.486866039153644, -7.494252922045784, -7.486865550579699, -7.494252922045784
((B ((S +) ((S +) (+ 1)))) ((S +) ((B ((S +) (+ 1))) ((S *) (+ 1))))), nan, nan, nan, nan, nan, -7.4947712413950285, -7.326376427320367, -7.423749630150576, -7.481293446334359, -7.483152277366536, -7.497009414858999, -7.486866039153644, -7.494252922045784, -7.486865550579699, -7.494252922045784
((B ((S +) (+ 1))) ((S +) ((B ((S +) ((S +) (+ 1)))) ((S *) (+ 1))))), nan, nan, nan, nan, nan, nan, -7.731841535428532, -7.423749630150576, -7.481293446334359, -7.483152277366536, nan, nan, nan, nan, nan
((B ((S +) (+ 1))) ((S +) ((B (+ 1)) ((S *) (+ 1))))), nan, nan, nan, nan, -6.984049173165833, -6.578480509520873, -6.815550803554377, -6.912924006384586, -6.970467822568368, -6.972326653600546, -6.9861837910930085, -6.976040415387653, -6.983427298279794, -6.9760399268137085, -6.983427298279794
((B ((S +) (+ 1))) ((S +) ((S +) ((S +) ((B (+ 1)) ((S *) (+ 1))))))), nan, nan, nan, nan, nan, nan, -7.326376427320367, -6.912924006384586, -7.193611373882577, -7.195470204914756, -7.209327342407218, -7.486866039153644, -7.494252922045784, -7.486865550579699, -7.494252922045784
((B (+ 1)) ((B ((S +) ((S +) (+ 1)))) ((B (+ 1)) ((S +) ((B ((S +) (+ 1))) ((S *) (+ 1))))))), nan, nan, nan, nan, nan, nan, nan, nan, -7.8867585544425225, -7.888617385474701, -7.902474522967164, -7.8923311472618085, -7.899718030153949, -7.892330658687863, -7.899718030153949
((B (+ 1)) ((S +) ((B ((S +) (+ 1))) ((S *) (+ 1))))), nan, nan, nan, nan, nan, -7.4947712413950285, -7.326376427320367, -7.136067557698796, -7.193611373882577, -7.195470204914756, -7.209327342407218, -7.199183966701863, -7.206570849594003, -7.199183478127917, -7.206570849594003
((S +) ((B ((S +) ((S +) (+ 1)))) ((B ((S +) (+ 1))) ((S *) (+ 1))))), nan, nan, nan, nan, nan, -6.801624060835083, -6.815550803554377, -6.912924006384586, -6.970467822568368, -6.972326653600546, -6.9861837910930085, -7.199183966701863, -7.206570849594003, -7.199183478127917, -7.206570849594003
((S +) ((B ((S +) (+ 1))) ((B (+ 1)) ((S *) (+ 1))))), nan, nan, nan, nan, -6.578584065057669, -6.3961589527269185, -6.815550803554377, -7.136067557698796, -7.193611373882577, -7.195470204914756, -7.209327342407218, -7.199183966701863, -7.206570849594003, -7.199183478127917, -7.206570849594003
((S +) ((B ((S +) (+ 1))) ((S +) ((S +) ((B (+ 1)) ((S *) (+ 1))))))), nan, nan, nan, nan, nan, nan, -7.731841535428532, -7.423749630150576, nan, nan, nan, nan, nan, nan, nan
((B ((S +) ((S +) (+ 1)))) ((B ((S *) (+ 1))) (+ 1))), nan, nan, nan, nan, -6.984049173165833, -7.089306133286864, -7.326376427320367, -7.423749630150576, -7.481293446334359, -7.483152277366536, -7.497009414858999, -7.486866039153644, -7.494252922045784, -7.486865550579699, -7.494252922045784
((B (+ 1)) ((B ((S *) (+ 1))) (+ 1))), nan, nan, nan, nan, -6.984049173165833, -6.801624060835083, -7.0386943548685865, -7.136067557698796, -7.193611373882577, -7.195470204914756, -7.209327342407218, -7.199183966701863, -7.206570849594003, -7.199183478127917, -7.206570849594003
((B (+ 1)) ((S +) ((B ((S *) (+ 1))) ((S +) (+ 1))))), nan, nan, nan, nan, -6.984049173165833, -6.801624060835083, -7.0386943548685865, -7.136067557698796, -7.193611373882577, -7.195470204914756, -7.209327342407218, -7.199183966701863, -7.206570849594003, -7.199183478127917, -7.206570849594003
((B ((S +) (+ 1))) ((B (+ 1)) ((S +) (((S B) (S *)) ((S +) (+ 1)))))), nan, nan, nan, nan, nan, -7.4947712413950285, -6.815550803554377, -6.912924006384586, -6.970467822568368, -6.972326653600546, -6.9861837910930085, -6.976040415387653, -6.983427298279794, -6.9760399268137085, -6.983427298279794
((B (+ 1)) ((B (+ 1)) ((B (+ 1)) ((S +) ((B ((S +) (+ 1))) (((S B) (S *)) (+ ((+ 1) 1)))))))), nan, nan, nan, nan, nan, nan, nan, nan, -7.8867585544425225, -7.888617385474701, -7.902474522967164, -7.8923311472618085, -7.899718030153949, -7.892330658687863, -7.899718030153949
((B (+ 1)) ((S +) ((B ((S +) (+ 1))) (((S B) (S *)) (+ ((+ 1) 1)))))), nan, nan, nan, nan, nan, nan, -7.731841535428532, -7.136067557698796, -7.481293446334359, -7.483152277366536, -7.497009414858999, -7.486866039153644, -7.494252922045784, -7.486865550579699, -7.494252922045784
((B (+ 1)) ((B ((S +) (+ 1))) ((B (+ ((+ 1) 1))) ((S +) (((S B) (S *)) ((S +) (+ 1))))))), nan, nan, nan, nan, nan, nan, nan, nan, -7.8867585544425225, nan, -7.902474522967164, -7.8923311472618085, -7.899718030153949, -7.892330658687863, -7.899718030153949
