((B (+ 1)) ((S +) (((S B) (B ((S *) I))) ((S +) (+ 1))))), nan, nan, nan, nan, nan, -7.574405117820884, -7.401116540118063, -7.5080208860545605, -7.533050609618992, -7.560249322637465, -7.568541670626541, -7.56670420677247, -7.566704369513088, -7.568541345401527, -7.566704206772471
((B ((S +) (+ 1))) ((B (+ ((+ 1) 1))) ((B (+ 1)) (((S B) (S *)) ((S +) (+ 1)))))), nan, nan, nan, nan, nan, -7.574405117820884, -7.806581648226228, nan, nan, nan, nan, nan, nan, nan, nan
((B (+ 1)) ((S +) ((B ((S +) (+ 1))) ((B (+ ((+ 1) 1))) ((S +) (((S B) (S *)) ((S +) (+ 1)))))))), nan, nan, nan, nan, nan, nan, nan, -7.913485994162725, -7.938515717727157, -7.96571443074563, -7.974006778734705, -7.972169314880635, -7.972169477621253, -7.974006453509691, -7.972169314880635
((B (+ ((+ 1) 1))) ((B (+ 1)) ((S *) ((S +) (+ 1))))), nan, nan, nan, nan, -6.649743056831017, -6.658114385946728, -6.890290916352073, -6.99719526228857, -7.0222249858530015, -7.0494236988714745, -7.05771604686055, -7.055878583006479, -7.055878745747098, -7.057715721635536, -7.05587858300648
((B (+ ((+ 1) 1))) ((B ((S *) I)) (+ ((+ 1) 1)))), nan, nan, nan, nan, nan, -7.574405117820884, -7.113434467666282, -7.5080208860545605, -7.533050609618992, -7.272567250185684, -7.28085959817476, -7.27902213432069, -7.279022297061307, -7.280859272949746, -7.27902213432069
((B (+ ((+ 1) 1))) ((S +) ((B ((S *) I)) ((S +) (+ ((+ 1) 1)))))), nan, nan, nan, nan, nan, -7.574405117820884, -7.401116540118063, -7.5080208860545605, -7.533050609618992, -7.560249322637465, -7.568541670626541, -7.56670420677247, -7.566704369513088, -7.568541345401527, -7.566704206772471
((B (+ 1)) ((B (+ 1)) ((B (+ ((+ 1) 1))) ((B ((S *) I)) (+ ((+ 1) 1)))))), nan, nan, nan, nan, nan, nan, nan, -7.913485994162725, nan, nan, nan, nan, nan, nan, nan
(((S B) ((S B) (S *))) ((B (+ 1)) ((S +) (+ 1)))), nan, nan, nan, nan, -6.649743056831017, -6.475792829152773, -6.890290916352073, -6.99719526228857, -7.0222249858530015, -7.0494236988714745, -7.05771604686055, -7.055878583006479, -7.055878745747098, -7.057715721635536, -7.05587858300648
((B ((S +) ((S +) (+ 1)))) ((B (+ 1)) ((B (+ 1)) ((S *) ((S +) (+ 1)))))), nan, nan, nan, nan, nan, -6.881257937260939, -6.890290916352073, -6.99719526228857, -7.0222249858530015, -7.0494236988714745, -7.05771604686055, -7.055878583006479, -7.055878745747098, -7.057715721635536, -7.05587858300648
((B ((S +) ((S +) (+ 1)))) ((S *) ((S +) (+ 1)))), nan, nan, nan, nan, -6.649743056831017, -6.658114385946728, -6.890290916352073, -6.99719526228857, -7.0222249858530015, -7.0494236988714745, -7.05771604686055, -7.055878583006479, -7.055878745747098, -7.057715721635536, -7.05587858300648
((B ((S +) ((S +) (+ 1)))) ((S +) ((S *) (+ 1)))), nan, nan, nan, nan, -6.649743056831017, -6.658114385946728, -6.890290916352073, -6.99719526228857, -7.0222249858530015, -7.0494236988714745, -7.05771604686055, -7.055878583006479, -7.055878745747098, -7.057715721635536, -7.05587858300648
((B ((S +) (+ 1))) ((S +) ((B ((S +) (+ 1))) ((B (+ 1)) ((S *) (+ 1)))))), nan, nan, nan, nan, nan, -7.574405117820884, -7.113434467666282, -6.99719526228857, -7.245368537167211, -7.272567250185684, -7.28085959817476, -7.27902213432069, -7.279022297061307, -7.280859272949746, -7.27902213432069
((B (+ ((+ 1) 1))) ((B (+ ((+ 1) 1))) ((B (+ 1)) ((S *) ((S +) (+ 1)))))), nan, nan, nan, nan, nan, -7.168940009712719, -6.890290916352073, -7.5080208860545605, -7.245368537167211, -7.560249322637465, -7.28085959817476, -7.27902213432069, -7.279022297061307, -7.280859272949746, -7.27902213432069
((B (+ 1)) (((S B) ((S B) (S *))) ((S +) (+ 1)))), nan, nan, nan, nan, nan, nan, nan, -7.913485994162725, -7.533050609618992, -7.560249322637465, -7.568541670626541, -7.56670420677247, -7.566704369513088, -7.568541345401527, -7.566704206772471
((B (+ 1)) ((B ((S +) ((S +) (+ 1)))) ((B (+ 1)) ((S *) ((S +) (+ 1)))))), nan, nan, nan, nan, nan, -7.574405117820884, -7.806581648226228, -7.913485994162725, -7.938515717727157, -7.96571443074563, -7.974006778734705, -7.972169314880635, -7.972169477621253, -7.974006453509691, -7.972169314880635
((B (+ 1)) ((B ((S +) ((S +) (+ 1)))) ((S +) ((B (+ 1)) ((S *) (+ 1)))))), nan, nan, nan, nan, nan, -7.574405117820884, -7.401116540118063, -7.5080208860545605, -7.533050609618992, -7.560249322637465, -7.568541670626541, -7.56670420677247, -7.566704369513088, -7.568541345401527, -7.566704206772471
((B (+ 1)) ((B (+ 1)) (((S B) ((S B) (S *))) ((B (+ 1)) ((S +) (+ 1)))))), nan, nan, nan, nan, nan, nan, nan, nan, nan, -7.96571443074563, -7.974006778734705, -7.972169314880635, -7.972169477621253, -7.974006453509691, -7.972169314880635
((B (+ 1)) ((B (+ 1)) ((B (+ ((+ 1) 1))) ((B (+ ((+ 1) 1))) ((B (+ 1)) ((S *) ((S +) (+ 1)))))))), nan, nan, nan, nan, nan, nan, nan, -7.913485994162725, nan, -7.96571443074563, -7.568541670626541, -7.972169314880635, -7.566704369513088, -7.974006453509691, -7.566704206772471
((B (+ 1)) ((S *) ((S +) (+ 1)))), nan, nan, nan, -6.228399476937101, -5.551130768162908, -6.188110756700993, -6.420287287106338, -6.527191633042834, -6.552221356607267, -6.57942006962574, -6.587712417614815, -6.585874953760745, -6.585875116501362, -6.587712092389801, -6.585874953760745
((B (+ 1)) ((S +) ((B ((S +) ((S +) (+ 1)))) ((B (+ 1)) ((S *) (+ 1)))))), nan, nan, nan, nan, nan, nan, -7.806581648226228, -7.5080208860545605, -7.938515717727157, -7.96571443074563, -7.974006778734705, -7.972169314880635, -7.972169477621253, -7.974006453509691, -7.972169314880635
((B (+ 1)) ((S +) ((S +) ((B ((S +) ((S +) (+ 1)))) ((B (+ 1)) ((S *) ((S +) (+ 1)))))))), nan, nan, nan, nan, nan, nan, nan, -7.913485994162725, -7.533050609618992, -7.560249322637465, -7.568541670626541, -7.56670420677247, -7.566704369513088, -7.568541345401527, -7.566704206772471
((B (+ 1)) ((S +) ((S +) ((B ((S +) ((S +) (+ 1)))) ((S +) ((B (+ 1)) ((S *) (+ 1)))))))), nan, nan, nan, nan, nan, nan, nan, -7.913485994162725, -7.533050609618992, -7.560249322637465, -7.568541670626541, -7.56670420677247, -7.566704369513088, -7.568541345401527, -7.566704206772471
((S +) ((B ((S +) ((S +) (+ 1)))) ((B (+ 1)) ((B (+ 1)) ((S *) (+ 1)))))), nan, nan, nan, nan, nan, -6.881257937260939, -6.890290916352073, -7.22033881360278, -7.0222249858530015, -7.0494236988714745, -7.05771604686055, -7.055878583006479, -7.055878745747098, -7.057715721635536, -7.05587858300648
((S +) ((B ((S +) ((S +) (+ 1)))) ((S *) (+ 1)))), nan, nan, nan, nan, nan, -6.658114385946728, -6.420287287106338, -6.660723025667357, -6.6857527492317885, -6.7129514622502615, -6.875394490066595, -7.055878583006479, -7.055878745747098, -7.057715721635536, -7.05587858300648
((S +) ((B ((S +) (+ 1))) ((B ((S +) (+ 1))) ((B (+ 1)) ((S *) (+ 1)))))), nan, nan, nan, nan, nan, -7.574405117820884, -7.806581648226228, nan, nan, nan, nan, nan, nan, nan, nan
((S +) ((B (+ 1)) ((S *) (+ 1)))), nan, nan, nan, -5.822934368828936, -5.551130768162908, -6.07032772104461, -6.420287287106338, -6.527191633042834, -6.552221356607267, -6.57942006962574, -6.587712417614815, -6.585874953760745, -6.585875116501362, -6.587712092389801, -6.585874953760745
((S +) ((S +) ((B ((S +) ((S +) (+ 1)))) ((B (+ 1)) ((B (+ 1)) ((S *) ((S +) (+ 1)))))))), nan, nan, nan, nan, nan, nan, nan, -7.913485994162725, -7.938515717727157, -7.96571443074563, -7.974006778734705, -7.972169314880635, -7.972169477621253, -7.974006453509691, -7.972169314880635
((S +) ((S +) ((B ((S +) ((S +) (+ 1)))) ((S *) ((S +) (+ 1)))))), nan, nan, nan, nan, nan, nan, -7.401116540118063, -6.99719526228857, -7.0222249858530015, -7.0494236988714745, -7.05771604686055, -7.055878583006479, -7.055878745747098, -7.057715721635536, -7.05587858300648
((S +) ((S +) ((B ((S +) ((S +) (+ 1)))) ((S +) ((S *) (+ 1)))))), nan, nan, nan, nan, nan, nan, -7.401116540118063, -7.5080208860545605, -7.533050609618992, -7.560249322637465, -7.568541670626541, -7.56670420677247, -7.566704369513088, -7.568541345401527, -7.566704206772471
((S +) ((S +) ((S +) ((B (+ 1)) ((S *) (+ 1)))))), nan, nan, nan, nan, nan, -7.168940009712719, -6.707969359558118, -6.814873705494616, -6.839903429059047, -6.86710214207752, -6.875394490066595, -6.873557026212526, -6.873557188953144, -6.875394164841581, -6.873557026212526
((S +) ((S +) ((S +) ((S +) ((B ((S +) ((S +) (+ 1)))) ((S *) ((S +) (+ 1)))))))), nan, nan, nan, nan, nan, nan, nan, nan, -7.533050609618992, -7.0494236988714745, -7.05771604686055, -7.055878583006479, -7.055878745747098, -7.057715721635536, -7.05587858300648
((S +) ((S +) ((S +) ((S +) ((S +) ((B (+ 1)) ((S *) (+ 1)))))))), nan, nan, nan, nan, nan, nan, nan, -7.913485994162725, -7.245368537167211, -7.272567250185684, -7.28085959817476, -7.27902213432069, -7.279022297061307, -7.280859272949746, -7.27902213432069
((S +) ((S +) ((S +) ((S +) ((S +) ((S +) ((B ((S +) ((S +) (+ 1)))) ((S *) ((S +) (+ 1)))))))))), nan, nan, nan, nan, nan, nan, nan, nan, nan, nan, -7.974006778734705, -7.56670420677247, -7.566704369513088, -7.568541345401527, -7.566704206772471
((S +) ((S +) ((S +) ((S +) ((S +) ((S +) ((S +) ((B (+ 1)) ((S *) (+ 1)))))))))), nan, nan, nan, nan, nan, nan, nan, nan, nan, -7.96571443074563, -7.568541670626541, -7.56670420677247, -7.566704369513088, -7.568541345401527, -7.566704206772471
((B ((S *) I)) (+ ((+ 1) 1))), nan, nan, nan, -5.129787188268991, -5.802445196443815, -6.188110756700993, -6.707969359558118, -6.99719526228857, -7.0222249858530015, -7.0494236988714745, -7.05771604686055, -7.055878583006479, -7.055878745747098, -7.057715721635536, -7.05587858300648
((B (+ ((+ 1) 1))) ((B (+ ((+ 1) 1))) ((S +) ((B ((S *) I)) ((S +) (+ ((+ 1) 1))))))), nan, nan, nan, nan, nan, nan, -7.806581648226228, -7.913485994162725, -7.938515717727157, -7.96571443074563, -7.974006778734705, -7.972169314880635, -7.972169477621253, -7.974006453509691, -7.972169314880635
((S +) ((B ((S *) I)) ((S +) (+ ((+ 1) 1))))), nan, nan, nan, nan, -6.649743056831017, -6.658114385946728, -7.113434467666282, -7.22033881360278, -7.245368537167211, -7.272567250185684, -7.28085959817476, -7.27902213432069, -7.279022297061307, -7.280859272949746, -7.27902213432069
((S +) ((S +) ((B ((S *) I)) (+ ((+ 1) 1))))), nan, nan, nan, nan, -6.649743056831017, -6.658114385946728, -7.113434467666282, -7.22033881360278, -7.245368537167211, -7.272567250185684, -7.28085959817476, -7.27902213432069, -7.279022297061307, -7.280859272949746, -7.27902213432069
((S +) ((S +) ((S +) ((S +) ((B ((S *) I)) (+ ((+ 1) 1))))))), nan, nan, nan, nan, nan, nan, -7.401116540118063, -6.99719526228857, -7.245368537167211, -7.272567250185684, -7.28085959817476, -7.27902213432069, -7.279022297061307, -7.280859272949746, -7.27902213432069
((B (+ 1)) ((B ((S +) (+ 1))) ((B (+ 1)) ((B (+ 1)) (((S B) (S *)) ((S +) (+ 1))))))), nan, nan, nan, nan, nan, nan, nan, nan, -7.938515717727157, -7.96571443074563, -7.974006778734705, -7.972169314880635, -7.972169477621253, -7.974006453509691, -7.972169314880635
((S +) ((B ((S +) (+ 1))) ((B (+ 1)) ((S +) (((S B) (S *)) ((S +) (+ 1))))))), nan, nan, nan, nan, nan, nan, -7.806581648226228, -7.5080208860545605, -7.533050609618992, -7.560249322637465, -7.568541670626541, -7.56670420677247, -7.566704369513088, -7.568541345401527, -7.566704206772471
((B (+ ((+ 1) 1))) ((B (+ 1)) ((S +) ((B ((S *) (+ 1))) ((S +) (+ 1)))))), nan, nan, nan, nan, nan, -7.168940009712719, -7.401116540118063, -7.5080208860545605, -7.533050609618992, -7.560249322637465, -7.568541670626541, -7.56670420677247, -7.566704369513088, -7.568541345401527, -7.566704206772471
((B ((S +) ((S +) (+ 1)))) ((B ((S *) (+ 1))) (+ 1))), nan, nan, nan, nan, -7.055208164939183, -7.168940009712719, -7.401116540118063, -7.5080208860545605, -7.533050609618992, -7.560249322637465, -7.568541670626541, -7.56670420677247, -7.566704369513088, -7.568541345401527, -7.566704206772471
((B (+ 1)) ((B ((S *) (+ 1))) (+ 1))), nan, nan, nan, nan, -7.055208164939183, -6.881257937260939, -7.113434467666282, -7.22033881360278, -7.245368537167211, -7.272567250185684, -7.28085959817476, -7.27902213432069, -7.279022297061307, -7.280859272949746, -7.27902213432069
((B (+ 1)) ((S +) ((B ((S *) (+ 1))) ((S +) (+ 1))))), nan, nan, nan, nan, -7.055208164939183, -6.881257937260939, -7.113434467666282, -7.22033881360278, -7.245368537167211, -7.272567250185684, -7.28085959817476, -7.27902213432069, -7.279022297061307, -7.280859272949746, -7.27902213432069
((S +) ((B ((S +) ((S +) (+ 1)))) (((S B) (S *)) (+ ((+ 1) 1))))), nan, nan, nan, nan, nan, -6.881257937260939, -6.890290916352073, -7.22033881360278, -7.245368537167211, -7.272567250185684, -7.28085959817476, -7.27902213432069, -7.279022297061307, -7.280859272949746, -7.27902213432069
(B (+ ((+ 1) 1))), nan, nan, nan, -6.068971740008998, -4.115356349779649, -3.5742282078044303, -3.550276799765586, -3.7072436511327966, -3.6132039736350317, -3.6473008196883763, -3.6329721845386467, -3.59541369046269, -3.6021135199622547, -3.60325745874547, -3.5954136904626903
((S B) ((S B) ((S B) (S *)))), nan, nan, nan, nan, -6.887945072019429, nan, nan, nan, nan, nan, nan, nan, nan, nan, nan
((S B) (S *)), nan, nan, -4.401558546172782, -4.564894343232724, -5.50165071089954, -5.972123480602802, -6.224425449192116, -6.300630943914866, -6.329552977551937, -6.355351020790587, -6.365714998231228, -6.368002412702471, -6.36685906474101, -6.368003003524225, -6.368002412702471
((B (+ 1)) ((B (+ ((+ 1) 1))) ((B ((S *) (+ 1))) ((S +) (+ 1))))), nan, nan, nan, nan, nan, nan, nan, -7.913485994162725, -7.533050609618992, -7.560249322637465, -7.568541670626541, -7.56670420677247, -7.566704369513088, -7.568541345401527, -7.566704206772471
((B ((S +) ((S +) (+ 1)))) (((S B) (S *)) (+ ((+ 1) 1)))), nan, nan, nan, nan, -7.055208164939183, -6.881257937260939, -7.113434467666282, -7.22033881360278, -7.245368537167211, -7.272567250185684, -7.28085959817476, -7.27902213432069, -7.279022297061307, -7.280859272949746, -7.27902213432069
((B (+ 1)) (((S B) (S *)) (+ ((+ 1) 1)))), nan, nan, nan, nan, -7.055208164939183, -6.881257937260939, -7.401116540118063, -7.5080208860545605, -7.533050609618992, -7.560249322637465, -7.974006778734705, -7.972169314880635, -7.972169477621253, -7.974006453509691, -7.972169314880635
((S +) ((S +) ((B ((S +) ((S +) (+ 1)))) (((S B) (S *)) (+ ((+ 1) 1)))))), nan, nan, nan, nan, nan, nan, -7.401116540118063, -7.5080208860545605, -7.938515717727157, -7.96571443074563, -7.974006778734705, -7.972169314880635, -7.972169477621253, -7.974006453509691, -7.972169314880635
((B (+ 1)) ((S +) ((B ((S *) (+ 1))) (+ 1)))), nan, nan, nan, nan, -7.055208164939183, -7.168940009712719, -7.401116540118063, -7.22033881360278, -7.245368537167211, -7.272567250185684, -7.28085959817476, -7.27902213432069, -7.279022297061307, -7.280859272949746, -7.27902213432069
((B (+ 1)) ((B ((S +) (+ 1))) ((B (+ ((+ 1) 1))) ((S +) (((S B) (S *)) ((S +) (+ 1))))))), nan, nan, nan, nan, nan, nan, nan, -7.913485994162725, nan, -7.96571443074563, -7.974006778734705, -7.972169314880635, -7.972169477621253, -7.974006453509691, -7.972169314880635
((B (+ ((+ 1) 1))) ((S +) ((S +) ((S +) ((B ((S +) ((S +) (+ 1)))) ((S *) ((S +) (+ 1)))))))), nan, nan, nan, nan, nan, nan, nan, nan, -7.938515717727157, nan, nan, nan, nan, nan, nan
((B (+ ((+ 1) 1))) ((S +) ((S +) ((S +) ((S +) ((S +) ((B ((S +) ((S +) (+ 1)))) ((S *) ((S +) (+ 1)))))))))), nan, nan, nan, nan, nan, nan, nan, nan, nan, nan, -7.974006778734705, -7.972169314880635, -7.972169477621253, -7.974006453509691, -7.972169314880635
((B ((S *) I)) ((S +) (+ ((+ 1) 1)))), nan, nan, nan, -6.228399476937101, -6.138917433065027, -6.881257937260939, -7.113434467666282, -7.22033881360278, -7.245368537167211, -7.272567250185684, -7.28085959817476, -7.27902213432069, -7.279022297061307, -7.280859272949746, -7.27902213432069
((S +) ((B ((S *) I)) (+ ((+ 1) 1)))), nan, nan, nan, -5.822934368828936, -6.362060984379237, -6.881257937260939, -7.113434467666282, -7.22033881360278, -7.245368537167211, -7.272567250185684, -7.28085959817476, -7.27902213432069, -7.279022297061307, -7.280859272949746, -7.27902213432069
((S +) ((S +) ((S +) ((B ((S *) I)) (+ ((+ 1) 1)))))), nan, nan, nan, nan, nan, -7.168940009712719, -6.890290916352073, -7.22033881360278, -7.245368537167211, -7.272567250185684, -7.28085959817476, -7.27902213432069, -7.279022297061307, -7.280859272949746, -7.27902213432069
((S +) ((S +) ((S +) ((S +) ((S +) ((B ((S *) I)) (+ ((+ 1) 1)))))))), nan, nan, nan, nan, nan, nan, nan, -7.913485994162725, -7.533050609618992, -7.96571443074563, -7.974006778734705, -7.972169314880635, -7.972169477621253, -7.974006453509691, -7.972169314880635
((B ((S +) ((S +) (+ 1)))) ((B (+ 1)) ((B ((S +) ((S +) (+ 1)))) ((S *) (+ 1))))), nan, nan, nan, nan, nan, nan, -7.806581648226228, -7.5080208860545605, -7.533050609618992, -7.560249322637465, -7.568541670626541, -7.56670420677247, -7.566704369513088, -7.568541345401527, -7.566704206772471
((B ((S +) ((S +) (+ 1)))) ((B (+ 1)) ((B (+ 1)) ((S *) (+ 1))))), nan, nan, nan, nan, -6.649743056831017, -6.658114385946728, -7.113434467666282, -6.99719526228857, -7.0222249858530015, -7.272567250185684, -7.05771604686055, -7.27902213432069, -7.055878745747098, -7.057715721635536, -7.05587858300648
((B ((S +) ((S +) (+ 1)))) ((S *) (+ 1))), nan, nan, nan, nan, -6.362060984379237, -6.07032772104461, -6.302504251449954, -6.4094085973864505, -6.552221356607267, -6.57942006962574, -6.721243810239337, -6.719406346385267, -6.719406509125885, -6.721243485014323, -6.719406346385267
((B ((S +) ((S +) (+ 1)))) ((S +) ((S +) ((S *) (+ 1))))), nan, nan, nan, nan, nan, nan, -7.401116540118063, -7.5080208860545605, -7.533050609618992, -7.560249322637465, -7.568541670626541, -7.56670420677247, -7.566704369513088, -7.568541345401527, -7.566704206772471
((B ((S +) (+ 1))) ((B ((S +) (+ 1))) ((B (+ 1)) ((S *) (+ 1))))), nan, nan, nan, nan, -6.649743056831017, -6.881257937260939, -7.113434467666282, -7.5080208860545605, -7.245368537167211, -7.272567250185684, -7.28085959817476, -7.27902213432069, -7.279022297061307, -7.280859272949746, -7.27902213432069
((B (+ 1)) ((B ((S +) ((S +) (+ 1)))) ((B ((S +) ((S +) (+ 1)))) ((S *) (+ 1))))), nan, nan, nan, nan, nan, nan, -7.806581648226228, -7.913485994162725, -7.938515717727157, -7.96571443074563, -7.974006778734705, -7.972169314880635, -7.972169477621253, -7.974006453509691, -7.972169314880635
((B (+ 1)) ((B ((S +) ((S +) (+ 1)))) ((B (+ 1)) ((S *) (+ 1))))), nan, nan, nan, nan, nan, -7.574405117820884, -7.401116540118063, -7.913485994162725, -7.938515717727157, -7.560249322637465, -7.974006778734705, -7.56670420677247, -7.972169477621253, -7.974006453509691, -7.972169314880635
((B (+ 1)) ((B ((S +) ((S +) (+ 1)))) ((S +) ((S +) ((B (+ 1)) ((S *) (+ 1))))))), nan, nan, nan, nan, nan, nan, -7.806581648226228, -7.913485994162725, -7.938515717727157, -7.96571443074563, -7.974006778734705, -7.972169314880635, -7.972169477621253, -7.974006453509691, -7.972169314880635
((B (+ 1)) ((B (+ ((+ 1) 1))) ((B (+ ((+ 1) 1))) ((B (+ 1)) ((B (+ 1)) ((S *) (+ 1))))))), nan, nan, nan, nan, nan, nan, -7.806581648226228, -7.5080208860545605, -7.938515717727157, -7.560249322637465, -7.974006778734705, -7.56670420677247, -7.972169477621253, -7.568541345401527, -7.972169314880635
((B (+ 1)) ((B (+ ((+ 1) 1))) ((B (+ ((+ 1) 1))) ((S +) (((S B) ((S B) (S *))) ((S +) (+ 1))))))), nan, nan, nan, nan, nan, nan, nan, nan, -7.938515717727157, -7.96571443074563, -7.974006778734705, -7.972169314880635, -7.972169477621253, -7.974006453509691, -7.972169314880635
((B (+ 1)) ((B (+ 1)) ((B (+ 1)) ((S *) (+ 1))))), nan, nan, nan, nan, -7.055208164939183, -6.475792829152773, -6.890290916352073, -6.99719526228857, -7.0222249858530015, -7.0494236988714745, -7.05771604686055, -7.055878583006479, -7.055878745747098, -7.057715721635536, -7.05587858300648
((B (+ 1)) ((B (+ 1)) ((S +) (((S B) ((S B) (S *))) ((B (+ 1)) ((S +) (+ 1))))))), nan, nan, nan, nan, nan, nan, nan, -7.913485994162725, -7.938515717727157, -7.96571443074563, -7.974006778734705, -7.972169314880635, -7.972169477621253, -7.974006453509691, -7.972169314880635
((B (+ 1)) ((S *) (+ 1))), nan, nan, -4.401558546172782, -4.4366400077090455, -5.551130768162908, -6.07032772104461, -6.302504251449954, -6.4094085973864505, -6.434438320950883, -6.461637033969356, -6.469929381958432, -6.468091918104361, -6.468092080844978, -6.469929056733418, -6.468091918104361
((B (+ 1)) ((S +) (((S B) ((S B) (S *))) ((S +) (+ 1))))), nan, nan, nan, nan, nan, -7.574405117820884, -7.806581648226228, -7.913485994162725, -7.938515717727157, -7.96571443074563, -7.974006778734705, -7.972169314880635, -7.972169477621253, -7.974006453509691, -7.972169314880635
((B (+ 1)) ((S +) ((B ((S +) ((S +) (+ 1)))) ((B (+ 1)) ((S *) ((S +) (+ 1))))))), nan, nan, nan, nan, nan, nan, -7.806581648226228, -7.913485994162725, -7.938515717727157, -7.96571443074563, -7.974006778734705, -7.972169314880635, -7.972169477621253, -7.974006453509691, -7.972169314880635
((B (+ 1)) ((S +) ((B ((S +) ((S +) (+ 1)))) ((S +) ((B (+ 1)) ((S *) (+ 1))))))), nan, nan, nan, nan, nan, nan, -7.806581648226228, -7.5080208860545605, -7.533050609618992, -7.560249322637465, -7.568541670626541, -7.56670420677247, -7.566704369513088, -7.568541345401527, -7.566704206772471
((B (+ 1)) ((S +) ((S +) ((B ((S +) ((S +) (+ 1)))) ((B (+ 1)) ((S *) (+ 1))))))), nan, nan, nan, nan, nan, nan, nan, -7.913485994162725, -7.533050609618992, -7.560249322637465, -7.568541670626541, -7.56670420677247, -7.566704369513088, -7.568541345401527, -7.566704206772471
((S +) (((S B) ((S B) (S *))) ((B (+ 1)) ((S +) (+ 1))))), nan, nan, nan, nan, nan, -7.574405117820884, -7.401116540118063, -7.913485994162725, -7.938515717727157, -7.96571443074563, -7.974006778734705, -7.972169314880635, -7.972169477621253, -7.974006453509691, -7.972169314880635
((S +) ((B ((S +) ((S +) (+ 1)))) ((B (+ 1)) ((B (+ 1)) ((S *) ((S +) (+ 1))))))), nan, nan, nan, nan, nan, nan, -7.113434467666282, -6.99719526228857, -7.0222249858530015, -7.0494236988714745, -7.05771604686055, -7.055878583006479, -7.055878745747098, -7.057715721635536, -7.05587858300648
((S +) ((B ((S +) ((S +) (+ 1)))) ((S *) ((S +) (+ 1))))), nan, nan, nan, nan, nan, -6.881257937260939, -6.890290916352073, -6.99719526228857, -7.0222249858530015, -7.0494236988714745, -7.05771604686055, -7.055878583006479, -7.055878745747098, -7.057715721635536, -7.05587858300648
((S +) ((B ((S +) ((S +) (+ 1)))) ((S +) ((S *) (+ 1))))), nan, nan, nan, nan, nan, -6.881257937260939, -6.890290916352073, -6.99719526228857, -7.0222249858530015, -7.0494236988714745, -7.05771604686055, -7.055878583006479, -7.055878745747098, -7.057715721635536, -7.05587858300648
((S +) ((B ((S +) (+ 1))) ((S +) ((B ((S +) (+ 1))) ((B (+ 1)) ((S *) (+ 1))))))), nan, nan, nan, nan, nan, nan, -7.806581648226228, -7.913485994162725, -7.938515717727157, -7.96571443074563, -7.974006778734705, -7.972169314880635, -7.972169477621253, -7.974006453509691, -7.972169314880635
((S +) ((S +) ((B ((S +) ((S +) (+ 1)))) ((B (+ 1)) ((B (+ 1)) ((S *) (+ 1))))))), nan, nan, nan, nan, nan, nan, -7.401116540118063, -7.5080208860545605, -7.938515717727157, -7.96571443074563, -7.974006778734705, -7.972169314880635, -7.972169477621253, -7.974006453509691, -7.972169314880635
((S +) ((S +) ((B ((S +) ((S +) (+ 1)))) ((S *) (+ 1))))), nan, nan, nan, nan, nan, nan, -7.401116540118063, -7.5080208860545605, -7.533050609618992, -7.560249322637465, -7.568541670626541, -7.56670420677247, -7.566704369513088, -7.568541345401527, -7.566704206772471
((S +) ((S +) ((B (+ 1)) ((S *) (+ 1))))), nan, nan, nan, nan, -6.362060984379237, -6.188110756700993, -6.55381867973086, -6.527191633042834, -6.552221356607267, -6.57942006962574, -6.587712417614815, -6.585874953760745, -6.719406509125885, -6.721243485014323, -6.719406346385267
((S +) ((S +) ((S +) ((B ((S +) ((S +) (+ 1)))) ((S *) ((S +) (+ 1))))))), nan, nan, nan, nan, nan, nan, nan, -7.5080208860545605, -6.839903429059047, -7.0494236988714745, -7.05771604686055, -7.055878583006479, -7.055878745747098, -7.057715721635536, -7.05587858300648
((S +) ((S +) ((S +) ((S +) ((B (+ 1)) ((S *) (+ 1))))))), nan, nan, nan, nan, nan, nan, -7.806581648226228, -7.22033881360278, -7.245368537167211, -7.272567250185684, -7.28085959817476, -7.27902213432069, -7.279022297061307, -7.280859272949746, -7.27902213432069
((S +) ((S +) ((S +) ((S +) ((S +) ((B ((S +) ((S +) (+ 1)))) ((S *) ((S +) (+ 1))))))))), nan, nan, nan, nan, nan, nan, nan, nan, nan, -7.560249322637465, -6.875394490066595, -6.873557026212526, -6.873557188953144, -6.875394164841581, -6.873557026212526
((S +) ((S +) ((S +) ((S +) ((S +) ((S +) ((B (+ 1)) ((S *) (+ 1))))))))), nan, nan, nan, nan, nan, nan, nan, nan, -7.938515717727157, -7.272567250185684, -7.28085959817476, -7.27902213432069, -7.279022297061307, -7.280859272949746, -7.27902213432069
((B ((S +) (+ 1))) ((B (+ 1)) ((S +) (((S B) (S *)) ((S +) (+ 1)))))), nan, nan, nan, nan, nan, -7.574405117820884, -6.890290916352073, -6.99719526228857, -7.0222249858530015, -7.0494236988714745, -7.05771604686055, -7.055878583006479, -7.055878745747098, -7.057715721635536, -7.05587858300648
((B (+ 1)) ((S +) (+ 1))), nan, nan, nan, -5.822934368828936, -6.138917433065027, -6.881257937260939, -7.113434467666282, -7.5080208860545605, -7.938515717727157, -7.96571443074563, -7.974006778734705, -7.972169314880635, -7.972169477621253, -7.974006453509691, -7.972169314880635
((B (+ ((+ 1) 1))) ((B (+ ((+ 1) 1))) ((B (+ ((+ 1) 1))) ((S +) (((S B) (S *)) ((S +) (+ 1))))))), nan, nan, nan, nan, nan, nan, -7.806581648226228, -7.5080208860545605, -7.533050609618992, -7.560249322637465, -7.568541670626541, -7.56670420677247, -7.566704369513088, -7.568541345401527, -7.566704206772471
((B (+ ((+ 1) 1))) ((B (+ ((+ 1) 1))) ((B (+ ((+ 1) 1))) ((S +) ((S +) (((S B) (S *)) ((S +) ((S +) (+ 1))))))))), nan, nan, nan, nan, nan, nan, nan, nan, -7.938515717727157, -7.560249322637465, -7.568541670626541, -7.56670420677247, -7.566704369513088, -7.568541345401527, -7.566704206772471
((B (+ ((+ 1) 1))) ((S +) (((S B) (S *)) ((S +) (+ 1))))), nan, nan, nan, nan, -7.055208164939183, -6.475792829152773, -6.707969359558118, -6.814873705494616, -7.0222249858530015, -7.0494236988714745, -7.05771604686055, -7.055878583006479, -7.055878745747098, -7.057715721635536, -7.05587858300648
((B (+ ((+ 1) 1))) ((S +) ((S +) (((S B) (S *)) ((S +) ((S +) (+ 1))))))), nan, nan, nan, nan, nan, nan, -7.806581648226228, -7.22033881360278, -7.245368537167211, -7.272567250185684, -7.28085959817476, -7.27902213432069, -7.279022297061307, -7.280859272949746, -7.27902213432069
((B (+ 1)) ((B (+ ((+ 1) 1))) ((B (+ 1)) (((S B) (S *)) ((S +) ((S +) (+ 1))))))), nan, nan, nan, nan, nan, nan, -7.806581648226228, -6.99719526228857, -7.533050609618992, -7.272567250185684, -7.28085959817476, -7.27902213432069, -7.279022297061307, -7.280859272949746, -7.27902213432069
((B (+ ((+ 1) 1))) ((S +) ((B ((S *) (+ 1))) (+ ((+ 1) 1))))), nan, nan, nan, nan, -7.055208164939183, -7.574405117820884, -7.806581648226228, -7.913485994162725, -7.938515717727157, -7.96571443074563, -7.974006778734705, -7.972169314880635, -7.972169477621253, -7.974006453509691, -7.972169314880635
((S B) (B ((S *) (+ 1)))), nan, nan, nan, -6.068971740008998, -6.887945072019429, nan, nan, nan, nan, nan, nan, nan, nan, nan, nan
((B ((S +) ((S +) (+ 1)))) ((B (+ 1)) ((B ((S +) (+ 1))) ((S *) (+ 1))))), nan, nan, nan, nan, nan, -7.168940009712719, -7.113434467666282, -7.22033881360278, -7.245368537167211, -7.272567250185684, -7.28085959817476, -7.27902213432069, -7.279022297061307, -7.280859272949746, -7.27902213432069
((B ((S +) (+ 1))) ((B ((S +) ((S +) (+ 1)))) ((B (+ 1)) ((S *) (+ 1))))), nan, nan, nan, nan, nan, -7.574405117820884, -7.806581648226228, -7.913485994162725, -7.938515717727157, -7.96571443074563, -7.974006778734705, -7.972169314880635, -7.972169477621253, -7.974006453509691, -7.972169314880635
((B ((S +) (+ 1))) ((B (+ 1)) ((B (+ 1)) ((B (+ 1)) ((B (+ 1)) ((S *) (+ 1))))))), nan, nan, nan, nan, nan, nan, -7.806581648226228, -7.913485994162725, -7.938515717727157, -7.560249322637465, -7.974006778734705, -7.972169314880635, -7.972169477621253, -7.974006453509691, -7.972169314880635
((B ((S +) (+ 1))) ((B (+ 1)) ((B (+ 1)) ((S *) (+ 1))))), nan, nan, nan, nan, -7.055208164939183, -6.881257937260939, -7.113434467666282, -7.913485994162725, nan, nan, nan, nan, nan, nan, nan
((B ((S +) (+ 1))) ((S *) (+ 1))), nan, nan, nan, -6.228399476937101, -5.802445196443815, -6.475792829152773, -6.707969359558118, -6.814873705494616, -6.839903429059047, -6.86710214207752, -6.875394490066595, -6.873557026212526, -6.873557188953144, -6.875394164841581, -6.873557026212526
((B ((S +) (+ 1))) ((S +) ((S +) ((S *) (+ 1))))), nan, nan, nan, nan, nan, nan, -7.806581648226228, -6.99719526228857, -7.245368537167211, -7.272567250185684, -7.28085959817476, -7.27902213432069, -7.055878745747098, -7.057715721635536, -7.05587858300648
((B (+ 1)) ((B ((S +) ((S +) (+ 1)))) ((B ((S +) (+ 1))) ((S *) (+ 1))))), nan, nan, nan, nan, nan, -7.574405117820884, -7.806581648226228, -7.913485994162725, -7.938515717727157, -7.96571443074563, -7.974006778734705, -7.972169314880635, -7.972169477621253, -7.974006453509691, -7.972169314880635
((B (+ 1)) ((B ((S +) (+ 1))) ((B (+ 1)) ((S *) (+ 1))))), nan, nan, nan, nan, -7.055208164939183, -7.168940009712719, -7.401116540118063, -7.22033881360278, -7.533050609618992, -7.272567250185684, -7.568541670626541, -7.56670420677247, -7.566704369513088, -7.568541345401527, -7.566704206772471
((B (+ 1)) ((S +) ((S +) ((B ((S +) ((S +) (+ 1)))) ((B ((S +) (+ 1))) ((S *) (+ 1))))))), nan, nan, nan, nan, nan, nan, nan, nan, -7.938515717727157, -7.96571443074563, -7.568541670626541, -7.56670420677247, -7.566704369513088, -7.568541345401527, -7.566704206772471
((S +) ((B ((S +) (+ 1))) ((S +) ((S *) (+ 1))))), nan, nan, nan, nan, nan, -7.574405117820884, -7.401116540118063, -7.913485994162725, -7.938515717727157, -7.96571443074563, -7.568541670626541, -7.56670420677247, -7.566704369513088, -7.568541345401527, -7.566704206772471
((S +) ((S +) ((B ((S +) ((S +) (+ 1)))) ((B (+ 1)) ((B ((S +) (+ 1))) ((S *) (+ 1))))))), nan, nan, nan, nan, nan, nan, nan, nan, nan, -7.96571443074563, -7.974006778734705, -7.972169314880635, -7.972169477621253, -7.974006453509691, -7.972169314880635
((S +) ((S +) ((B ((S +) (+ 1))) ((S +) ((S +) ((S *) (+ 1))))))), nan, nan, nan, nan, nan, nan, nan, nan, -7.533050609618992, -7.0494236988714745, -7.05771604686055, -7.055878583006479, -7.055878745747098, -7.057715721635536, -7.05587858300648
(((S B) (S *)) ((S +) ((S +) (+ 1)))), nan, nan, nan, -5.822934368828936, -5.956595876271072, -6.658114385946728, -6.890290916352073, -6.99719526228857, -7.0222249858530015, -7.0494236988714745, -7.05771604686055, -7.055878583006479, -7.055878745747098, -7.057715721635536, -7.05587858300648
((B (+ ((+ 1) 1))) ((B (+ ((+ 1) 1))) ((S +) (((S B) (S *)) ((S +) (+ 1)))))), nan, nan, nan, nan, nan, -7.168940009712719, -7.401116540118063, -7.5080208860545605, -7.245368537167211, -7.272567250185684, -7.28085959817476, -7.27902213432069, -7.279022297061307, -7.280859272949746, -7.27902213432069
((B (+ ((+ 1) 1))) ((B (+ ((+ 1) 1))) ((S +) ((S +) (((S B) (S *)) ((S +) ((S +) (+ 1)))))))), nan, nan, nan, nan, nan, nan, nan, -7.913485994162725, -7.245368537167211, -7.272567250185684, -7.28085959817476, -7.27902213432069, -7.279022297061307, -7.280859272949746, -7.27902213432069
((B (+ ((+ 1) 1))) ((B (+ 1)) ((B (+ ((+ 1) 1))) ((B (+ 1)) (((S B) (S *)) ((S +) ((S +) (+ 1)))))))), nan, nan, nan, nan, nan, nan, nan, -7.913485994162725, -7.533050609618992, -7.560249322637465, -7.568541670626541, -7.56670420677247, -7.566704369513088, -7.568541345401527, -7.566704206772471
((B (+ 1)) ((B (+ 1)) ((S +) (((S B) (S *)) ((S +) (+ 1)))))), nan, nan, nan, nan, nan, -7.574405117820884, nan, nan, nan, nan, nan, nan, nan, nan, nan
((S +) (((S B) (S *)) ((S +) (+ 1)))), nan, nan, nan, -6.228399476937101, -5.668913803819292, -6.321642149325516, -6.55381867973086, -6.527191633042834, -6.552221356607267, -6.57942006962574, -6.587712417614815, -6.585874953760745, -6.585875116501362, -6.587712092389801, -6.585874953760745
((S +) ((S +) (((S B) (S *)) ((S +) ((S +) (+ 1)))))), nan, nan, nan, nan, nan, -7.168940009712719, -6.890290916352073, -6.99719526228857, -7.0222249858530015, -7.0494236988714745, -7.05771604686055, -7.055878583006479, -7.055878745747098, -7.057715721635536, -7.05587858300648
((B (+ 1)) ((B (+ 1)) ((S +) ((S +) ((S +) ((B ((S *) (+ 1))) (+ ((+ 1) 1)))))))), nan, nan, nan, nan, nan, nan, nan, nan, -7.938515717727157, -7.96571443074563, -7.974006778734705, -7.972169314880635, -7.972169477621253, -7.974006453509691, -7.972169314880635
((S +) ((B ((S *) (+ 1))) (+ ((+ 1) 1)))), nan, nan, nan, -5.822934368828936, -5.956595876271072, -6.658114385946728, -6.890290916352073, -6.99719526228857, -7.0222249858530015, -7.0494236988714745, -7.05771604686055, -7.055878583006479, -7.055878745747098, -7.057715721635536, -7.05587858300648
((S +) ((S +) ((S +) ((B ((S *) (+ 1))) (+ ((+ 1) 1)))))), nan, nan, nan, nan, nan, -6.881257937260939, -6.890290916352073, -7.22033881360278, -7.245368537167211, -7.272567250185684, -7.28085959817476, -7.27902213432069, -7.279022297061307, -7.280859272949746, -7.27902213432069
((+ 1) 1), nan, nan, -2.792120633738682, -2.5218204457237636, -2.7716216030785534, -2.77175112729916, -2.7717958938976888, -2.7718224376600653, -2.7718267936575565, -2.771832082334477, -2.771833272739571, -2.7718323566928023, -2.77183251943342, -2.771832947514557, -2.7718323566928023
((B (+ ((+ 1) 1))) ((B (+ 1)) ((B ((S *) I)) ((S +) (+ 1))))), nan, nan, nan, nan, -6.649743056831017, -6.658114385946728, -7.401116540118063, -7.5080208860545605, -7.533050609618992, -7.560249322637465, -7.568541670626541, -7.56670420677247, -7.566704369513088, -7.568541345401527, -7.566704206772471
((B (+ 1)) ((B (+ ((+ 1) 1))) ((B (+ ((+ 1) 1))) ((B (+ ((+ 1) 1))) ((S +) ((B ((S *) I)) ((S +) ((S +) (+ 1))))))))), nan, nan, nan, nan, nan, nan, nan, nan, -7.938515717727157, -7.96571443074563, -7.974006778734705, -7.972169314880635, -7.972169477621253, -7.974006453509691, -7.972169314880635
((B (+ ((+ 1) 1))) (((S B) ((S B) (S *))) (+ ((+ 1) 1)))), nan, nan, nan, nan, nan, -7.168940009712719, -7.113434467666282, -7.5080208860545605, -7.533050609618992, -7.560249322637465, -7.568541670626541, -7.27902213432069, -7.279022297061307, -7.568541345401527, -7.27902213432069
((B (+ 1)) ((B (+ 1)) ((B (+ ((+ 1) 1))) (((S B) ((S B) (S *))) (+ ((+ 1) 1)))))), nan, nan, nan, nan, nan, nan, nan, -7.913485994162725, nan, -7.96571443074563, -7.974006778734705, nan, nan, -7.974006453509691, nan
((B (+ 1)) ((B ((S *) I)) ((S +) (+ 1)))), nan, nan, nan, -6.228399476937101, -6.362060984379237, -6.658114385946728, -6.890290916352073, -6.99719526228857, -7.0222249858530015, -7.0494236988714745, -7.05771604686055, -7.055878583006479, -7.055878745747098, -7.057715721635536, -7.05587858300648
((B (+ 1)) ((B (+ ((+ 1) 1))) ((B (+ ((+ 1) 1))) ((S +) ((B ((S *) I)) ((S +) ((S +) (+ 1)))))))), nan, nan, nan, nan, nan, nan, nan, -7.913485994162725, nan, nan, nan, nan, nan, nan, nan
((B (+ 1)) ((S +) ((B ((S *) I)) ((S +) ((S +) (+ 1)))))), nan, nan, nan, nan, nan, -7.574405117820884, -7.806581648226228, -7.913485994162725, -7.938515717727157, -7.96571443074563, -7.974006778734705, -7.972169314880635, -7.972169477621253, -7.974006453509691, -7.972169314880635
(((S B) ((S B) (S *))) (+ ((+ 1) 1))), nan, nan, nan, -6.228399476937101, -5.956595876271072, -6.658114385946728, -6.890290916352073, -7.22033881360278, -7.245368537167211, -7.560249322637465, -7.28085959817476, -7.56670420677247, -7.566704369513088, -7.568541345401527, -7.566704206772471
((B (+ 1)) (((S B) ((S B) (S *))) ((B (+ 1)) (+ ((+ 1) 1))))), nan, nan, nan, nan, nan, -7.574405117820884, -7.401116540118063, -7.5080208860545605, -7.533050609618992, -7.560249322637465, -7.568541670626541, -7.56670420677247, -7.566704369513088, -7.568541345401527, -7.566704206772471
((B ((S +) (+ 1))) (((S B) (S *)) (+ ((+ 1) 1)))), nan, nan, nan, nan, -7.055208164939183, -7.168940009712719, -7.113434467666282, -7.22033881360278, -7.245368537167211, -7.272567250185684, -7.05771604686055, -7.27902213432069, -7.279022297061307, -7.280859272949746, -7.27902213432069
((B (+ 1)) ((B (+ 1)) ((B ((S +) (+ 1))) (((S B) (S *)) (+ ((+ 1) 1)))))), nan, nan, nan, nan, nan, nan, nan, nan, nan, nan, nan, -7.972169314880635, -7.566704369513088, -7.568541345401527, -7.566704206772471
((B ((S +) (+ 1))) ((S +) ((B ((S *) (+ 1))) (+ 1)))), nan, nan, nan, nan, -6.649743056831017, -6.658114385946728, -7.113434467666282, -7.22033881360278, -7.533050609618992, -7.96571443074563, -7.974006778734705, -7.56670420677247, -7.566704369513088, -7.568541345401527, -7.566704206772471
((B (+ 1)) ((B ((S +) (+ 1))) ((B (+ 1)) ((S +) ((B ((S *) (+ 1))) (+ 1)))))), nan, nan, nan, nan, nan, nan, nan, -7.913485994162725, -7.938515717727157, -7.96571443074563, -7.974006778734705, -7.972169314880635, -7.972169477621253, -7.974006453509691, -7.972169314880635
((B (+ 1)) ((S +) ((B ((S +) (+ 1))) ((B (+ 1)) ((B ((S *) (+ 1))) (+ 1)))))), nan, nan, nan, nan, nan, nan, nan, -7.913485994162725, -7.938515717727157, -7.96571443074563, -7.974006778734705, -7.972169314880635, -7.972169477621253, -7.974006453509691, -7.972169314880635
((S +) ((B ((S +) (+ 1))) ((B ((S *) (+ 1))) (+ 1)))), nan, nan, nan, nan, nan, -7.574405117820884, -7.806581648226228, nan, -7.938515717727157, -7.96571443074563, nan, nan, nan, nan, nan
((S +) (+ ((+ 1) 1))), nan, nan, nan, -6.228399476937101, -7.055208164939183, -7.574405117820884, -7.806581648226228, -7.913485994162725, -7.938515717727157, -7.96571443074563, -7.974006778734705, -7.972169314880635, -7.972169477621253, -7.974006453509691, -7.972169314880635
((S B) (B ((S *) I))), nan, nan, nan, -5.152681008134843, -6.482479963911265, -7.358417841722693, -7.6107198103120055, -7.686925305034757, -7.715847338671828, -7.741645381910477, -7.752009359351118, -7.754296773822362, -7.7531534258609005, -7.754297364644116, -7.754296773822362
((B ((S +) (+ 1))) ((B (+ ((+ 1) 1))) ((B ((S *) (+ 1))) (+ 1)))), nan, nan, nan, nan, nan, -7.574405117820884, nan, nan, nan, nan, nan, nan, nan, nan, nan
((B (+ ((+ 1) 1))) ((B (+ 1)) ((B ((S *) I)) ((S +) ((S +) (+ 1)))))), nan, nan, nan, nan, nan, -7.168940009712719, -6.890290916352073, -7.5080208860545605, -7.245368537167211, -7.560249322637465, -7.568541670626541, -7.56670420677247, -7.566704369513088, -7.568541345401527, -7.566704206772471
((B (+ ((+ 1) 1))) ((B (+ 1)) ((S +) ((B ((S *) I)) ((S +) (+ 1)))))), nan, nan, nan, nan, nan, -7.574405117820884, -7.401116540118063, -7.5080208860545605, -7.533050609618992, -7.560249322637465, -7.568541670626541, -7.56670420677247, -7.566704369513088, -7.568541345401527, -7.566704206772471
((B (+ 1)) ((B (+ ((+ 1) 1))) ((B (+ ((+ 1) 1))) ((B (+ ((+ 1) 1))) ((S +) ((S +) ((B ((S *) I)) ((S +) ((S +) (+ 1)))))))))), nan, nan, nan, nan, nan, nan, nan, nan, nan, -7.96571443074563, -7.974006778734705, -7.972169314880635, -7.972169477621253, -7.974006453509691, -7.972169314880635
((B (+ 1)) ((B (+ 1)) ((B (+ ((+ 1) 1))) ((B (+ 1)) ((B ((S *) I)) ((S +) ((S +) (+ 1)))))))), nan, nan, nan, nan, nan, nan, nan, -7.913485994162725, nan, nan, nan, nan, nan, nan, nan
((B (+ 1)) ((B ((S *) I)) ((S +) ((S +) (+ 1))))), nan, nan, nan, nan, -7.055208164939183, -6.881257937260939, -7.113434467666282, -7.22033881360278, -7.245368537167211, -7.272567250185684, -7.28085959817476, -7.27902213432069, -7.279022297061307, -7.280859272949746, -7.27902213432069
((B (+ 1)) ((B (+ ((+ 1) 1))) ((B (+ 1)) ((B (+ ((+ 1) 1))) ((B (+ 1)) ((B ((S *) I)) ((S +) ((S +) (+ 1))))))))), nan, nan, nan, nan, nan, nan, nan, nan, -7.938515717727157, -7.96571443074563, -7.974006778734705, -7.972169314880635, -7.972169477621253, -7.974006453509691, -7.972169314880635
((B (+ 1)) ((S +) ((B ((S *) I)) ((S +) (+ 1))))), nan, nan, nan, nan, -7.055208164939183, -6.881257937260939, -7.113434467666282, -7.22033881360278, -7.245368537167211, -7.272567250185684, -7.28085959817476, -7.27902213432069, -7.279022297061307, -7.280859272949746, -7.27902213432069
(+ ((+ 1) 1)), nan, nan, -4.401558546172782, -3.925814383943055, -4.803916366332688, -5.559502097278619, -5.860671499170915, -5.967575845107412, -5.992605568671844, -6.019804281690317, -6.028096629679393, -6.026259165825322, -6.026259328565939, -6.028096304454379, -6.026259165825322
((B ((S +) (+ 1))) ((B ((S *) (+ 1))) (+ 1))), nan, nan, nan, nan, -7.055208164939183, -6.881257937260939, -7.113434467666282, -7.5080208860545605, -7.245368537167211, -7.272567250185684, -7.568541670626541, -7.56670420677247, -7.566704369513088, -7.568541345401527, -7.566704206772471
((B (+ 1)) ((B ((S +) (+ 1))) ((B (+ 1)) ((B ((S *) (+ 1))) (+ 1))))), nan, nan, nan, nan, nan, nan, nan, -7.913485994162725, -7.938515717727157, -7.96571443074563, -7.974006778734705, -7.972169314880635, -7.972169477621253, -7.974006453509691, -7.972169314880635
((B (+ 1)) ((S +) ((B ((S +) (+ 1))) ((B (+ 1)) ((S +) ((B ((S *) (+ 1))) (+ 1))))))), nan, nan, nan, nan, nan, nan, nan, -7.913485994162725, -7.938515717727157, -7.96571443074563, -7.974006778734705, -7.972169314880635, -7.972169477621253, -7.974006453509691, -7.972169314880635
((S +) ((B ((S +) (+ 1))) ((S +) ((B ((S *) (+ 1))) (+ 1))))), nan, nan, nan, nan, nan, -7.574405117820884, -7.806581648226228, -7.913485994162725, nan, nan, nan, nan, nan, nan, nan
((B (+ 1)) ((B (+ 1)) ((S +) ((B ((S +) (+ 1))) (((S B) (S *)) (+ ((+ 1) 1))))))), nan, nan, nan, nan, nan, nan, nan, -7.913485994162725, -7.533050609618992, -7.560249322637465, -7.568541670626541, -7.56670420677247, -7.566704369513088, -7.568541345401527, -7.566704206772471
((S +) ((B ((S +) (+ 1))) (((S B) (S *)) (+ ((+ 1) 1))))), nan, nan, nan, nan, nan, -7.168940009712719, -7.113434467666282, -7.5080208860545605, -7.533050609618992, -7.560249322637465, -7.974006778734705, -7.972169314880635, -7.972169477621253, -7.974006453509691, -7.972169314880635
((B (+ ((+ 1) 1))) ((S +) ((S +) ((B ((S *) (+ 1))) (+ ((+ 1) 1)))))), nan, nan, nan, nan, nan, nan, nan, nan, -7.938515717727157, -7.96571443074563, -7.974006778734705, -7.972169314880635, -7.972169477621253, -7.974006453509691, -7.972169314880635
((B (+ ((+ 1) 1))) ((B (+ ((+ 1) 1))) ((B (+ ((+ 1) 1))) ((S +) (((S B) (S *)) ((S +) ((S +) (+ 1)))))))), nan, nan, nan, nan, nan, nan, nan, -7.913485994162725, -7.245368537167211, -7.560249322637465, -7.568541670626541, -7.56670420677247, -7.566704369513088, -7.568541345401527, -7.566704206772471
((B (+ ((+ 1) 1))) ((S +) (((S B) (S *)) ((S +) ((S +) (+ 1)))))), nan, nan, nan, nan, nan, -7.574405117820884, -6.890290916352073, -7.5080208860545605, -7.533050609618992, -7.560249322637465, -7.568541670626541, -7.56670420677247, -7.566704369513088, -7.568541345401527, -7.566704206772471
((B (+ 1)) ((B (+ ((+ 1) 1))) ((B (+ 1)) (((S B) (S *)) ((S +) (+ 1)))))), nan, nan, nan, nan, nan, nan, nan, nan, -7.938515717727157, -7.560249322637465, -7.568541670626541, -7.56670420677247, -7.566704369513088, -7.568541345401527, -7.566704206772471
(B ((B (+ 1)) ((S +) (+ 1)))), nan, nan, nan, nan, -6.887945072019429, -6.259805553054582, -7.6107198103120055, nan, nan, nan, nan, nan, nan, nan, nan
(B ((B (+ 1)) ((S *) (+ 1)))), nan, nan, nan, -6.068971740008998, nan, nan, nan, nan, nan, nan, nan, nan, nan, nan, nan
((B (+ ((+ 1) 1))) ((S +) ((B ((S +) (+ 1))) ((S +) ((S +) ((S *) (+ 1))))))), nan, nan, nan, nan, nan, nan, nan, nan, nan, -7.96571443074563, -7.568541670626541, -7.56670420677247, -7.566704369513088, -7.568541345401527, -7.566704206772471
((B (+ 1)) ((B ((S +) (+ 1))) ((B (+ ((+ 1) 1))) ((B (+ 1)) ((S *) ((S +) (+ 1))))))), nan, nan, nan, nan, nan, nan, -7.806581648226228, -7.913485994162725, -7.938515717727157, -7.96571443074563, -7.974006778734705, -7.972169314880635, -7.972169477621253, -7.974006453509691, -7.972169314880635
((B ((S +) ((S +) (+ 1)))) ((B (+ 1)) ((S +) ((B ((S +) (+ 1))) ((S *) (+ 1)))))), nan, nan, nan, nan, nan, nan, -7.806581648226228, -7.5080208860545605, -7.533050609618992, -7.560249322637465, -7.568541670626541, -7.56670420677247, -7.566704369513088, -7.568541345401527, -7.566704206772471
((B ((S +) (+ 1))) ((S +) ((S *) (+ 1)))), nan, nan, nan, nan, -6.649743056831017, -6.881257937260939, -7.113434467666282, -7.22033881360278, -7.245368537167211, -7.272567250185684, -7.28085959817476, -7.27902213432069, -7.279022297061307, -7.280859272949746, -7.27902213432069
((B (+ 1)) ((B ((S +) ((S +) (+ 1)))) ((S +) ((B ((S +) (+ 1))) ((S *) (+ 1)))))), nan, nan, nan, nan, nan, nan, -7.806581648226228, -7.913485994162725, -7.938515717727157, -7.96571443074563, -7.974006778734705, -7.972169314880635, -7.972169477621253, -7.974006453509691, -7.972169314880635
((B (+ 1)) ((B ((S +) (+ 1))) ((S +) ((B (+ 1)) ((S *) (+ 1)))))), nan, nan, nan, nan, nan, -7.574405117820884, -7.401116540118063, -7.22033881360278, -7.533050609618992, -7.96571443074563, -7.974006778734705, -7.972169314880635, -7.972169477621253, -7.974006453509691, -7.972169314880635
((B (+ 1)) ((S +) ((B ((S +) ((S +) (+ 1)))) ((B ((S +) (+ 1))) ((S *) (+ 1)))))), nan, nan, nan, nan, nan, nan, -7.806581648226228, -7.913485994162725, -7.938515717727157, -7.96571443074563, -7.974006778734705, -7.972169314880635, -7.972169477621253, -7.974006453509691, -7.972169314880635
((B (+ 1)) ((S +) ((B ((S +) (+ 1))) ((B (+ 1)) ((S *) (+ 1)))))), nan, nan, nan, nan, nan, -7.574405117820884, -7.806581648226228, -7.913485994162725, -7.533050609618992, -7.560249322637465, -7.568541670626541, -7.56670420677247, -7.566704369513088, -7.568541345401527, -7.566704206772471
((S +) ((B ((S +) ((S +) (+ 1)))) ((B (+ 1)) ((B ((S +) (+ 1))) ((S *) (+ 1)))))), nan, nan, nan, nan, nan, nan, -7.806581648226228, -7.5080208860545605, -7.533050609618992, -7.272567250185684, -7.28085959817476, -7.27902213432069, -7.279022297061307, -7.280859272949746, -7.27902213432069
((S +) ((B ((S +) (+ 1))) ((B (+ 1)) ((B (+ 1)) ((B (+ 1)) ((B (+ 1)) ((S *) (+ 1)))))))), nan, nan, nan, nan, nan, nan, nan, nan, nan, -7.96571443074563, nan, nan, nan, nan, nan
((S +) ((B ((S +) (+ 1))) ((B (+ 1)) ((B (+ 1)) ((S *) (+ 1)))))), nan, nan, nan, nan, nan, -7.574405117820884, -7.806581648226228, nan, nan, nan, nan, nan, nan, nan, nan
((S +) ((B ((S +) (+ 1))) ((S *) (+ 1)))), nan, nan, nan, nan, -6.649743056831017, -6.658114385946728, -6.890290916352073, -6.99719526228857, -7.0222249858530015, -7.0494236988714745, -7.05771604686055, -7.055878583006479, -7.055878745747098, -7.057715721635536, -7.05587858300648
((S +) ((B ((S +) (+ 1))) ((S +) ((S +) ((S *) (+ 1)))))), nan, nan, nan, nan, nan, nan, nan, -7.913485994162725, -7.0222249858530015, -6.86710214207752, -6.875394490066595, -6.873557026212526, -6.873557188953144, -6.875394164841581, -6.873557026212526
((S +) ((S +) ((S +) ((B ((S +) (+ 1))) ((S +) ((S +) ((S *) (+ 1)))))))), nan, nan, nan, nan, nan, nan, nan, nan, nan, -7.96571443074563, -7.568541670626541, -7.56670420677247, -7.566704369513088, -7.568541345401527, -7.566704206772471
((B ((S *) (+ 1))) (+ ((+ 1) 1))), nan, nan, nan, -5.5352522963771555, -6.362060984379237, -6.881257937260939, -6.890290916352073, -7.22033881360278, -7.245368537167211, -7.272567250185684, -7.28085959817476, -7.27902213432069, -7.279022297061307, -7.280859272949746, -7.27902213432069
((B (+ 1)) ((B (+ 1)) ((B ((S *) (+ 1))) (+ ((+ 1) 1))))), nan, nan, nan, nan, nan, nan, nan, -7.913485994162725, -7.938515717727157, -7.96571443074563, -7.974006778734705, -7.972169314880635, -7.972169477621253, -7.974006453509691, -7.972169314880635
((B (+ 1)) ((B (+ 1)) ((S +) ((S +) ((S +) ((S +) ((B ((S *) (+ 1))) (+ ((+ 1) 1))))))))), nan, nan, nan, nan, nan, nan, nan, nan, -7.938515717727157, -7.96571443074563, -7.974006778734705, -7.972169314880635, -7.972169477621253, -7.974006453509691, -7.972169314880635
((S +) ((S +) ((B ((S *) (+ 1))) (+ ((+ 1) 1))))), nan, nan, nan, nan, -6.649743056831017, -6.658114385946728, -7.113434467666282, -7.22033881360278, -7.0222249858530015, -7.0494236988714745, -7.05771604686055, -7.055878583006479, -7.055878745747098, -7.057715721635536, -7.05587858300648
((S +) ((S +) ((S +) ((S +) ((B ((S *) (+ 1))) (+ ((+ 1) 1))))))), nan, nan, nan, nan, nan, nan, -7.401116540118063, -7.22033881360278, -7.938515717727157, -7.96571443074563, -7.974006778734705, -7.972169314880635, -7.972169477621253, -7.974006453509691, -7.972169314880635
(((S B) (S *)) ((S +) (+ 1))), nan, nan, nan, -5.312108745062946, -5.802445196443815, -6.658114385946728, -6.890290916352073, -6.99719526228857, -6.839903429059047, -7.272567250185684, -6.875394490066595, -7.27902213432069, -6.873557188953144, -7.280859272949746, -6.873557026212526
((B (+ ((+ 1) 1))) ((B (+ ((+ 1) 1))) ((S +) (((S B) (S *)) ((S +) ((S +) (+ 1))))))), nan, nan, nan, nan, nan, nan, -7.806581648226228, -6.814873705494616, -7.245368537167211, -7.272567250185684, -7.28085959817476, -7.27902213432069, -7.279022297061307, -7.280859272949746, -7.27902213432069
((B (+ 1)) ((B (+ 1)) (((S B) (S *)) ((S +) (+ 1))))), nan, nan, nan, nan, nan, -7.574405117820884, -7.113434467666282, -7.22033881360278, -7.245368537167211, -7.272567250185684, -7.28085959817476, -7.27902213432069, -7.279022297061307, -7.280859272949746, -7.27902213432069
((S +) (((S B) (S *)) ((S +) ((S +) (+ 1))))), nan, nan, nan, nan, -6.362060984379237, -6.321642149325516, -6.55381867973086, -6.660723025667357, -6.6857527492317885, -6.7129514622502615, -6.721243810239337, -6.719406346385267, -6.719406509125885, -6.721243485014323, -6.719406346385267
1, -1.7116177887767847, -1.7042443261396907, -1.9941240552359547, -2.1149857912391323, -1.97564676623525, -1.9757636329284018, -1.9758040244455548, -1.975827973977851, -1.9758319042400194, -1.9758366760235353, -1.9758377500830202, -1.9758369235671454, -1.9758370704021253, -1.9758374566442585, -1.9758369235671456
0, -2.6073523033236894, -2.949614635958062, -2.8944704232712333, -2.894470423271234, -2.8944704232712337, -2.8944704232712337, -2.8944704232712337, -2.8944704232712297, -2.894470423271234, -2.894470423271235, -2.8944704232712364, -2.894470423271228, -2.894470423271227, -2.8944704232712324, -2.894470423271228
+, -2.434653062468768, -2.6056179666983796, -3.0061950547006187, -4.18606703956578, -4.633434191220214, -4.766463093244438, -4.819228218800465, -4.833031322814484, -4.838043715160042, -4.8424127335625355, -4.844141255729249, -4.844520715245948, -4.844331137423552, -4.844520812490714, -4.844520715245948
*, -2.148569171625022, -2.5780939546604724, -3.8626627057516987, -4.49010065334715, -4.625142733948955, -4.667191763753172, -4.6828266947053, -4.686821451831199, -4.688262407276762, -4.689514212751586, -4.690008389980532, -4.690116794224495, -4.6900626391806135, -4.690116822001681, -4.690116794224495
S, -2.421663923154539, -2.2278851899633763, -2.5488939901181924, -3.295470909060131, -3.3160560480475554, -3.1995324959108586, -3.119222083893232, -3.0903807924484576, -3.029077801356386, -2.9964570983799654, -2.996458130065413, -2.996457336157433, -2.996457477199447, -2.996457848203468, -2.996457336157433
I, -2.477626034224909, -2.819888366859282, -4.508595228148335, -4.925002890248398, -4.998872170149939, -5.024235032647306, -5.033081300640903, -5.036016427370258, -5.036787145299933, -5.037550666445935, -5.037816252766985, -5.037816226126733, -5.037801602314496, -5.037845456943143, -5.037816226126733
C, -1.6890521122880333, -2.0313144449224065, -1.9761702322355776, -1.976170232235578, -1.9761702322355779, -1.9761702322355779, -1.976170232235578, -1.9761702322355739, -1.9761702322355783, -1.976170232235579, -1.9761702322355803, -1.976170232235572, -1.9761702322355712, -1.9761702322355763, -1.9761702322355719
B, -1.6927791545984738, -2.5169922799402746, -2.1545084614326178, -2.161916124080864, -2.0999217747084398, -2.0593258114144435, -2.068323016744229, -2.089036282317263, -2.1366096879164505, -2.164160557378151, -2.1641616046569174, -2.1641607987494833, -2.1641609419232646, -2.1641613185347928, -2.1641607987494833
((B ((S +) (+ 1))) (((S B) ((S B) (S *))) (+ ((+ 1) 1)))), nan, nan, nan, nan, -7.055208164939183, -7.574405117820884, -7.806581648226228, nan, nan, nan, nan, nan, nan, nan, nan
(((S B) (S *)) (+ ((+ 1) 1))), nan, nan, nan, -6.228399476937101, -5.956595876271072, -6.475792829152773, -6.707969359558118, -6.814873705494616, -6.839903429059047, -6.86710214207752, -6.875394490066595, -6.873557026212526, -6.873557188953144, -6.875394164841581, -6.873557026212526
((B (+ 1)) ((B ((S +) ((S +) (+ 1)))) (((S B) (S *)) (+ ((+ 1) 1))))), nan, nan, nan, nan, nan, -7.574405117820884, -7.806581648226228, -7.913485994162725, -7.938515717727157, -7.96571443074563, -7.974006778734705, -7.972169314880635, -7.972169477621253, -7.974006453509691, -7.972169314880635
((B (+ 1)) ((S +) ((S +) ((B ((S +) ((S +) (+ 1)))) (((S B) (S *)) (+ ((+ 1) 1))))))), nan, nan, nan, nan, nan, nan, nan, -7.913485994162725, -7.938515717727157, -7.96571443074563, -7.974006778734705, -7.972169314880635, -7.972169477621253, -7.974006453509691, -7.972169314880635
((B ((S *) (+ 1))) ((S +) (+ 1))), nan, nan, nan, -5.5352522963771555, -6.138917433065027, -6.658114385946728, -6.890290916352073, -6.99719526228857, -7.0222249858530015, -7.0494236988714745, -7.05771604686055, -7.055878583006479, -7.055878745747098, -7.057715721635536, -7.05587858300648
((S +) ((B ((S *) (+ 1))) (+ 1))), nan, nan, nan, -6.228399476937101, -5.802445196443815, -6.188110756700993, -6.55381867973086, -6.814873705494616, -6.839903429059047, -6.86710214207752, -6.875394490066595, -6.873557026212526, -6.873557188953144, -6.875394164841581, -6.873557026212526
((S +) ((S +) ((B ((S *) (+ 1))) ((S +) (+ 1))))), nan, nan, nan, nan, -6.649743056831017, -6.658114385946728, -6.890290916352073, -7.22033881360278, -7.245368537167211, -7.272567250185684, -7.28085959817476, -7.27902213432069, -7.279022297061307, -7.280859272949746, -7.27902213432069
((S +) ((S +) ((S +) ((B ((S *) (+ 1))) (+ 1))))), nan, nan, nan, nan, nan, -7.168940009712719, -6.890290916352073, -6.99719526228857, -7.245368537167211, -7.272567250185684, -7.28085959817476, -7.27902213432069, -7.279022297061307, -7.280859272949746, -7.27902213432069
((S +) ((S +) ((S +) ((S +) ((S +) ((B ((S *) (+ 1))) (+ 1))))))), nan, nan, nan, nan, nan, nan, nan, -7.5080208860545605, -7.0222249858530015, -7.0494236988714745, -7.28085959817476, -7.27902213432069, -7.279022297061307, -7.280859272949746, -7.27902213432069
(B ((B (+ 1)) (+ ((+ 1) 1)))), nan, nan, nan, nan, nan, -6.442127109848537, -6.69442907843785, -6.770634573160602, nan, nan, nan, nan, nan, nan, nan
((B (+ ((+ 1) 1))) ((B ((S *) (+ 1))) ((S +) (+ 1)))), nan, nan, nan, nan, nan, -7.574405117820884, -7.401116540118063, -7.5080208860545605, -7.533050609618992, -7.560249322637465, -7.568541670626541, -7.56670420677247, -7.566704369513088, -7.568541345401527, -7.566704206772471
((B (+ 1)) ((B ((S *) I)) ((S +) (+ ((+ 1) 1))))), nan, nan, nan, nan, -7.055208164939183, -7.168940009712719, -7.401116540118063, -7.5080208860545605, -7.533050609618992, -7.560249322637465, -7.568541670626541, -7.56670420677247, -7.566704369513088, -7.568541345401527, -7.566704206772471
((S +) ((B ((S *) I)) ((B (+ 1)) (+ ((+ 1) 1))))), nan, nan, nan, nan, -7.055208164939183, -7.168940009712719, -7.401116540118063, nan, nan, nan, nan, nan, nan, nan, nan
((B ((S +) ((S +) (+ 1)))) ((B ((S +) ((S +) (+ 1)))) ((S *) (+ 1)))), nan, nan, nan, nan, nan, -7.574405117820884, -7.113434467666282, -7.5080208860545605, -7.533050609618992, -7.560249322637465, -7.568541670626541, -7.56670420677247, -7.566704369513088, -7.568541345401527, -7.566704206772471
((B ((S +) ((S +) (+ 1)))) ((B (+ 1)) ((S *) (+ 1)))), nan, nan, nan, nan, -6.362060984379237, -6.321642149325516, -6.707969359558118, -6.660723025667357, -6.6857527492317885, -6.7129514622502615, -6.721243810239337, -6.719406346385267, -6.719406509125885, -6.721243485014323, -6.719406346385267
((B ((S +) ((S +) (+ 1)))) ((S +) ((S +) ((B (+ 1)) ((S *) (+ 1)))))), nan, nan, nan, nan, nan, -7.168940009712719, -7.401116540118063, -7.5080208860545605, -7.533050609618992, -7.560249322637465, -7.568541670626541, -7.56670420677247, -7.566704369513088, -7.974006453509691, -7.972169314880635
((B ((S +) (+ 1))) ((B (+ 1)) ((B ((S +) (+ 1))) ((B (+ 1)) ((S *) (+ 1)))))), nan, nan, nan, nan, nan, -7.574405117820884, -7.806581648226228, -7.913485994162725, nan, nan, nan, nan, nan, nan, nan
((B (+ ((+ 1) 1))) ((B (+ ((+ 1) 1))) ((B (+ 1)) ((B (+ 1)) ((S *) (+ 1)))))), nan, nan, nan, nan, nan, -7.168940009712719, -7.113434467666282, -7.5080208860545605, -7.533050609618992, -7.96571443074563, -7.568541670626541, -7.972169314880635, -7.566704369513088, -7.974006453509691, -7.566704206772471
((B (+ ((+ 1) 1))) ((B (+ ((+ 1) 1))) ((S +) (((S B) ((S B) (S *))) ((S +) (+ 1)))))), nan, nan, nan, nan, nan, nan, -7.806581648226228, -7.5080208860545605, -7.533050609618992, -7.560249322637465, -7.568541670626541, -7.56670420677247, -7.566704369513088, -7.568541345401527, -7.566704206772471
((B (+ 1)) ((B ((S +) ((S +) (+ 1)))) ((B (+ 1)) ((B ((S +) ((S +) (+ 1)))) ((S *) (+ 1)))))), nan, nan, nan, nan, nan, nan, nan, -7.913485994162725, -7.938515717727157, -7.96571443074563, -7.974006778734705, -7.972169314880635, -7.972169477621253, -7.974006453509691, -7.972169314880635
((B (+ 1)) ((B ((S +) ((S +) (+ 1)))) ((B (+ 1)) ((B (+ 1)) ((S *) (+ 1)))))), nan, nan, nan, nan, nan, -7.574405117820884, -7.806581648226228, -7.913485994162725, -7.938515717727157, -7.96571443074563, -7.974006778734705, -7.972169314880635, -7.972169477621253, -7.974006453509691, -7.972169314880635
((B (+ 1)) ((B ((S +) ((S +) (+ 1)))) ((S *) (+ 1)))), nan, nan, nan, nan, nan, -7.168940009712719, -6.890290916352073, -7.22033881360278, -7.245368537167211, -7.272567250185684, -7.28085959817476, -7.27902213432069, -7.279022297061307, -7.280859272949746, -7.27902213432069
((B (+ 1)) ((B ((S +) ((S +) (+ 1)))) ((S +) ((S +) ((S *) (+ 1)))))), nan, nan, nan, nan, nan, nan, nan, -7.913485994162725, -7.938515717727157, -7.96571443074563, -7.974006778734705, -7.972169314880635, -7.972169477621253, -7.568541345401527, -7.566704206772471
((B (+ 1)) ((B ((S +) (+ 1))) ((B ((S +) (+ 1))) ((B (+ 1)) ((S *) (+ 1)))))), nan, nan, nan, nan, nan, nan, nan, nan, nan, -7.96571443074563, -7.568541670626541, -7.56670420677247, -7.566704369513088, -7.568541345401527, -7.566704206772471
((B (+ 1)) ((B (+ 1)) ((B (+ ((+ 1) 1))) ((B (+ ((+ 1) 1))) ((B (+ 1)) ((B (+ 1)) ((S *) (+ 1)))))))), nan, nan, nan, nan, nan, nan, nan, -7.913485994162725, nan, -7.96571443074563, nan, -7.972169314880635, nan, -7.974006453509691, nan
((B (+ 1)) ((B (+ 1)) ((B (+ 1)) ((B (+ 1)) ((S *) (+ 1)))))), nan, nan, nan, nan, nan, -7.574405117820884, -7.401116540118063, -7.5080208860545605, -7.0222249858530015, -7.0494236988714745, -7.05771604686055, -7.055878583006479, -7.055878745747098, -7.057715721635536, -7.05587858300648
((B (+ 1)) ((B (+ 1)) ((S *) (+ 1)))), nan, nan, nan, -5.822934368828936, -5.263448695711128, -5.964967205386783, -6.302504251449954, -6.4094085973864505, -6.552221356607267, -6.7129514622502615, -6.721243810239337, -6.719406346385267, -6.719406509125885, -6.721243485014323, -6.719406346385267
((B (+ 1)) ((S +) (((S B) ((S B) (S *))) ((B (+ 1)) ((S +) (+ 1)))))), nan, nan, nan, nan, nan, nan, -7.806581648226228, -7.5080208860545605, -7.533050609618992, -7.560249322637465, -7.568541670626541, -7.56670420677247, -7.566704369513088, -7.568541345401527, -7.566704206772471
((B (+ 1)) ((S +) ((B ((S +) ((S +) (+ 1)))) ((B (+ 1)) ((B (+ 1)) ((S *) ((S +) (+ 1)))))))), nan, nan, nan, nan, nan, nan, nan, -7.913485994162725, -7.938515717727157, -7.96571443074563, -7.974006778734705, -7.972169314880635, -7.972169477621253, -7.974006453509691, -7.972169314880635
((B (+ 1)) ((S +) ((B ((S +) ((S +) (+ 1)))) ((S *) ((S +) (+ 1)))))), nan, nan, nan, nan, nan, nan, -7.806581648226228, -7.913485994162725, -7.938515717727157, -7.96571443074563, -7.974006778734705, -7.972169314880635, -7.972169477621253, -7.974006453509691, -7.972169314880635
((B (+ 1)) ((S +) ((B ((S +) ((S +) (+ 1)))) ((S +) ((S *) (+ 1)))))), nan, nan, nan, nan, nan, nan, -7.806581648226228, -7.5080208860545605, -7.533050609618992, -7.560249322637465, -7.568541670626541, -7.56670420677247, -7.566704369513088, -7.568541345401527, -7.566704206772471
((B (+ 1)) ((S +) ((B ((S +) (+ 1))) ((S +) ((B ((S +) (+ 1))) ((B (+ 1)) ((S *) (+ 1)))))))), nan, nan, nan, nan, nan, nan, nan, -7.913485994162725, -7.245368537167211, -7.272567250185684, -7.28085959817476, -7.27902213432069, -7.279022297061307, -7.280859272949746, -7.27902213432069
((B (+ 1)) ((S +) ((S +) ((B ((S +) ((S +) (+ 1)))) ((B (+ 1)) ((B (+ 1)) ((S *) (+ 1)))))))), nan, nan, nan, nan, nan, nan, nan, -7.913485994162725, -7.938515717727157, -7.96571443074563, -7.974006778734705, -7.972169314880635, -7.972169477621253, -7.974006453509691, -7.972169314880635
((B (+ 1)) ((S +) ((S +) ((B ((S +) ((S +) (+ 1)))) ((S *) (+ 1)))))), nan, nan, nan, nan, nan, nan, nan, -7.913485994162725, -7.533050609618992, -7.560249322637465, -7.568541670626541, -7.56670420677247, -7.566704369513088, -7.568541345401527, -7.566704206772471
((B (+ 1)) ((S +) ((S +) ((S +) ((B ((S +) ((S +) (+ 1)))) ((S *) ((S +) (+ 1)))))))), nan, nan, nan, nan, nan, nan, nan, nan, nan, nan, -7.974006778734705, -7.56670420677247, -7.566704369513088, -7.568541345401527, -7.566704206772471
((S *) (+ 1)), nan, nan, -3.485267814298628, -4.618961564503, -5.445770252505081, -5.964967205386783, -6.197143735792127, -6.304048081728625, -6.329077805293056, -6.356276518311529, -6.364568866300605, -6.362731402446534, -6.362731565187152, -6.364568541075591, -6.362731402446535
((S +) (((S B) ((S B) (S *))) ((S +) (+ 1)))), nan, nan, nan, nan, -6.649743056831017, -6.658114385946728, -6.890290916352073, -6.99719526228857, -6.839903429059047, -6.86710214207752, -6.875394490066595, -6.873557026212526, -6.873557188953144, -6.875394164841581, -6.873557026212526
((S +) ((B ((S +) ((S +) (+ 1)))) ((B (+ 1)) ((S *) ((S +) (+ 1)))))), nan, nan, nan, nan, nan, -6.881257937260939, -6.890290916352073, -6.99719526228857, -7.0222249858530015, -7.0494236988714745, -7.05771604686055, -7.055878583006479, -7.055878745747098, -7.057715721635536, -7.05587858300648
((S +) ((B ((S +) ((S +) (+ 1)))) ((S +) ((B (+ 1)) ((S *) (+ 1)))))), nan, nan, nan, nan, nan, -6.881257937260939, -6.890290916352073, -7.22033881360278, -7.245368537167211, -7.272567250185684, -7.28085959817476, -7.27902213432069, -7.279022297061307, -7.280859272949746, -7.27902213432069
((S +) ((S +) ((B ((S +) ((S +) (+ 1)))) ((B (+ 1)) ((S *) (+ 1)))))), nan, nan, nan, nan, nan, nan, -7.401116540118063, -7.5080208860545605, -7.938515717727157, -7.96571443074563, -7.974006778734705, -7.972169314880635, -7.972169477621253, -7.974006453509691, -7.972169314880635
((S +) ((S +) ((S *) (+ 1)))), nan, nan, nan, nan, nan, -7.574405117820884, -6.707969359558118, -6.99719526228857, -7.245368537167211, -7.272567250185684, -7.28085959817476, -7.27902213432069, -7.279022297061307, -7.280859272949746, -7.27902213432069
((B ((S +) (+ 1))) ((S +) (((S B) (S *)) ((S +) (+ 1))))), nan, nan, nan, nan, -6.649743056831017, -6.881257937260939, -7.113434467666282, -7.22033881360278, -7.533050609618992, -7.560249322637465, -7.568541670626541, -7.56670420677247, -7.566704369513088, -7.568541345401527, -7.566704206772471
((S +) (+ 1)), nan, nan, -3.485267814298628, -3.925814383943055, -4.752623071945138, -5.323113319214389, -5.609357070890009, -5.716261416826506, -5.7412911403909375, -5.7684898534094105, -5.776782201398486, -5.774944737544415, -5.774944900285034, -5.776781876173472, -5.774944737544416
((B ((S +) (+ 1))) ((B (+ ((+ 1) 1))) ((S +) (((S B) (S *)) ((S +) (+ 1)))))), nan, nan, nan, nan, nan, -7.574405117820884, -7.113434467666282, -7.22033881360278, -7.245368537167211, -7.272567250185684, -7.28085959817476, -7.27902213432069, -7.279022297061307, -7.280859272949746, -7.27902213432069
((B (+ ((+ 1) 1))) ((B (+ 1)) ((B (+ 1)) ((S *) (+ 1))))), nan, nan, nan, nan, -6.649743056831017, -6.881257937260939, -7.401116540118063, -7.5080208860545605, -7.938515717727157, -7.96571443074563, -7.974006778734705, -7.972169314880635, -7.972169477621253, -7.974006453509691, -7.972169314880635
((B (+ ((+ 1) 1))) ((S +) (((S B) ((S B) (S *))) ((S +) (+ 1))))), nan, nan, nan, nan, nan, -7.574405117820884, -7.401116540118063, -7.5080208860545605, -7.533050609618992, -7.560249322637465, -7.568541670626541, -7.56670420677247, -7.566704369513088, -7.568541345401527, -7.566704206772471
(((S B) (B ((S *) I))) ((S +) (+ 1))), nan, nan, nan, -5.822934368828936, -6.362060984379237, -6.881257937260939, -7.401116540118063, -7.5080208860545605, -7.533050609618992, -7.560249322637465, -7.568541670626541, -7.56670420677247, -7.566704369513088, -7.568541345401527, -7.566704206772471
(((S B) ((S B) (S *))) ((S +) (+ 1))), nan, nan, nan, -5.822934368828936, -6.362060984379237, -6.881257937260939, -7.113434467666282, -6.814873705494616, -7.245368537167211, -7.0494236988714745, -7.28085959817476, -7.055878583006479, -7.279022297061307, -7.057715721635536, -7.27902213432069
((B ((S +) ((S +) (+ 1)))) ((B (+ 1)) ((S *) ((S +) (+ 1))))), nan, nan, nan, nan, -6.649743056831017, -6.658114385946728, -7.113434467666282, -6.99719526228857, -7.0222249858530015, -7.0494236988714745, -7.05771604686055, -7.055878583006479, -7.055878745747098, -7.057715721635536, -7.05587858300648
((B ((S +) ((S +) (+ 1)))) ((S +) ((B (+ 1)) ((S *) (+ 1))))), nan, nan, nan, nan, -6.649743056831017, -6.658114385946728, -7.113434467666282, -6.99719526228857, -7.0222249858530015, -7.0494236988714745, -7.05771604686055, -7.055878583006479, -7.055878745747098, -7.057715721635536, -7.05587858300648
((B (+ 1)) (((S B) ((S B) (S *))) ((B (+ 1)) ((S +) (+ 1))))), nan, nan, nan, nan, nan, -7.574405117820884, -7.401116540118063, -7.5080208860545605, -7.533050609618992, -7.560249322637465, -7.568541670626541, -7.56670420677247, -7.566704369513088, -7.568541345401527, -7.566704206772471
((B (+ 1)) ((B ((S +) ((S +) (+ 1)))) ((B (+ 1)) ((B (+ 1)) ((S *) ((S +) (+ 1))))))), nan, nan, nan, nan, nan, nan, -7.806581648226228, -7.913485994162725, -7.938515717727157, -7.96571443074563, -7.974006778734705, -7.972169314880635, -7.972169477621253, -7.974006453509691, -7.972169314880635
((B (+ 1)) ((B ((S +) ((S +) (+ 1)))) ((S *) ((S +) (+ 1))))), nan, nan, nan, nan, nan, -7.574405117820884, -7.401116540118063, -7.913485994162725, -7.938515717727157, -7.96571443074563, -7.974006778734705, -7.972169314880635, -7.972169477621253, -7.974006453509691, -7.972169314880635
((B (+ 1)) ((B ((S +) ((S +) (+ 1)))) ((S +) ((S *) (+ 1))))), nan, nan, nan, nan, nan, -7.574405117820884, -7.401116540118063, -7.913485994162725, -7.938515717727157, -7.96571443074563, -7.974006778734705, -7.972169314880635, -7.972169477621253, -7.974006453509691, -7.972169314880635
((B (+ 1)) ((B ((S +) (+ 1))) ((S +) ((B ((S +) (+ 1))) ((B (+ 1)) ((S *) (+ 1))))))), nan, nan, nan, nan, nan, nan, nan, -7.913485994162725, -7.938515717727157, -7.96571443074563, -7.974006778734705, -7.972169314880635, -7.972169477621253, -7.974006453509691, -7.972169314880635
((B (+ 1)) ((B (+ ((+ 1) 1))) ((B (+ ((+ 1) 1))) ((B (+ 1)) ((S *) ((S +) (+ 1))))))), nan, nan, nan, nan, nan, nan, -7.806581648226228, -7.22033881360278, -7.533050609618992, -7.272567250185684, -7.568541670626541, -7.27902213432069, -7.566704369513088, -7.280859272949746, -7.566704206772471
((B (+ 1)) ((B (+ 1)) (((S B) ((S B) (S *))) ((S +) (+ 1))))), nan, nan, nan, nan, nan, nan, nan, nan, -7.938515717727157, -7.560249322637465, -7.568541670626541, -7.56670420677247, -7.566704369513088, -7.568541345401527, -7.566704206772471
((B (+ 1)) ((B (+ 1)) ((B (+ 1)) ((B (+ ((+ 1) 1))) ((B (+ ((+ 1) 1))) ((B (+ 1)) ((S *) ((S +) (+ 1))))))))), nan, nan, nan, nan, nan, nan, nan, nan, nan, nan, -7.974006778734705, nan, -7.972169477621253, nan, -7.972169314880635
((B (+ 1)) ((B (+ 1)) ((S *) ((S +) (+ 1))))), nan, nan, nan, nan, -7.055208164939183, -6.881257937260939, -7.113434467666282, -7.22033881360278, -7.245368537167211, -7.272567250185684, -7.28085959817476, -7.27902213432069, -7.279022297061307, -7.280859272949746, -7.27902213432069
((B (+ 1)) ((S +) ((B ((S +) ((S +) (+ 1)))) ((B (+ 1)) ((B (+ 1)) ((S *) (+ 1))))))), nan, nan, nan, nan, nan, nan, -7.806581648226228, -7.913485994162725, -7.938515717727157, -7.96571443074563, -7.974006778734705, -7.972169314880635, -7.972169477621253, -7.974006453509691, -7.972169314880635
((B (+ 1)) ((S +) ((B ((S +) ((S +) (+ 1)))) ((S *) (+ 1))))), nan, nan, nan, nan, nan, nan, -7.806581648226228, -7.5080208860545605, -7.938515717727157, -7.560249322637465, -7.974006778734705, -7.972169314880635, -7.972169477621253, -7.974006453509691, -7.972169314880635
((B (+ 1)) ((S +) ((B (+ 1)) ((S *) (+ 1))))), nan, nan, nan, nan, -6.649743056831017, -7.168940009712719, nan, nan, nan, nan, nan, nan, nan, nan, nan
((B (+ 1)) ((S +) ((S +) ((B ((S +) ((S +) (+ 1)))) ((B (+ 1)) ((B (+ 1)) ((S *) ((S +) (+ 1))))))))), nan, nan, nan, nan, nan, nan, nan, nan, -7.938515717727157, -7.96571443074563, -7.974006778734705, -7.972169314880635, -7.972169477621253, -7.974006453509691, -7.972169314880635
((B (+ 1)) ((S +) ((S +) ((B ((S +) ((S +) (+ 1)))) ((S *) ((S +) (+ 1))))))), nan, nan, nan, nan, nan, nan, nan, -7.913485994162725, -7.533050609618992, -7.560249322637465, -7.568541670626541, -7.56670420677247, -7.566704369513088, -7.568541345401527, -7.566704206772471
((B (+ 1)) ((S +) ((S +) ((B ((S +) ((S +) (+ 1)))) ((S +) ((S *) (+ 1))))))), nan, nan, nan, nan, nan, nan, nan, -7.913485994162725, -7.533050609618992, -7.560249322637465, -7.568541670626541, -7.56670420677247, -7.566704369513088, -7.568541345401527, -7.566704206772471
((B (+ 1)) ((S +) ((S +) ((S +) ((S +) ((B ((S +) ((S +) (+ 1)))) ((S *) ((S +) (+ 1))))))))), nan, nan, nan, nan, nan, nan, nan, nan, nan, nan, -7.974006778734705, -7.56670420677247, -7.566704369513088, -7.568541345401527, -7.566704206772471
((S *) ((S +) (+ 1))), nan, nan, nan, -5.822934368828936, -5.956595876271072, -6.475792829152773, -6.890290916352073, -7.22033881360278, -7.245368537167211, -7.0494236988714745, -7.28085959817476, -7.055878583006479, -7.279022297061307, -7.057715721635536, -7.27902213432069
((S +) ((B ((S +) ((S +) (+ 1)))) ((B (+ 1)) ((S *) (+ 1))))), nan, nan, nan, nan, nan, -6.658114385946728, -6.707969359558118, -6.99719526228857, -6.839903429059047, -7.0494236988714745, -7.05771604686055, -7.055878583006479, -7.055878745747098, -7.057715721635536, -7.05587858300648
((S +) ((B (+ 1)) ((S +) ((B ((S +) (+ 1))) ((S +) ((B ((S +) (+ 1))) ((B (+ 1)) ((S *) (+ 1))))))))), nan, nan, nan, nan, nan, nan, nan, nan, -7.938515717727157, -7.96571443074563, -7.974006778734705, -7.972169314880635, -7.972169477621253, -7.974006453509691, -7.972169314880635
((S +) ((S *) (+ 1))), nan, nan, nan, -5.822934368828936, -5.956595876271072, -6.475792829152773, -6.707969359558118, -6.814873705494616, -6.839903429059047, -6.86710214207752, -6.875394490066595, -6.873557026212526, -6.873557188953144, -6.875394164841581, -6.873557026212526
((S +) ((S +) ((B ((S +) ((S +) (+ 1)))) ((B (+ 1)) ((S *) ((S +) (+ 1))))))), nan, nan, nan, nan, nan, nan, -7.401116540118063, -7.22033881360278, -7.938515717727157, -7.96571443074563, -7.974006778734705, -7.972169314880635, -7.972169477621253, -7.974006453509691, -7.972169314880635
((S +) ((S +) ((B ((S +) ((S +) (+ 1)))) ((S +) ((B (+ 1)) ((S *) (+ 1))))))), nan, nan, nan, nan, nan, nan, -7.401116540118063, -7.5080208860545605, -7.938515717727157, -7.96571443074563, -7.974006778734705, -7.972169314880635, -7.972169477621253, -7.974006453509691, -7.972169314880635
((B ((S *) I)) ((B (+ 1)) (+ ((+ 1) 1)))), nan, nan, nan, -6.228399476937101, -6.649743056831017, -7.574405117820884, -7.806581648226228, nan, nan, nan, nan, nan, nan, nan, nan
((B (+ 1)) ((S +) ((B ((S *) I)) ((S +) (+ ((+ 1) 1)))))), nan, nan, nan, nan, nan, -7.574405117820884, -7.806581648226228, -7.913485994162725, -7.938515717727157, -7.96571443074563, -7.974006778734705, -7.972169314880635, -7.972169477621253, -7.974006453509691, -7.972169314880635
((S +) ((S +) ((B ((S *) I)) ((B (+ 1)) (+ ((+ 1) 1)))))), nan, nan, nan, nan, nan, -7.574405117820884, -7.806581648226228, nan, nan, nan, nan, nan, nan, nan, nan
(((S B) (B ((S *) (+ 1)))) (+ ((+ 1) 1))), nan, nan, nan, -6.228399476937101, -7.055208164939183, nan, nan, nan, nan, nan, nan, nan, nan, nan, nan
((S +) ((S +) (+ 1))), nan, nan, nan, -4.724322080160826, -5.445770252505081, -6.07032772104461, -6.420287287106338, -6.4094085973864505, -6.434438320950883, -6.461637033969356, -6.469929381958432, -6.468091918104361, -6.468092080844978, -6.469929056733418, -6.468091918104361
(+ 1), nan, -1.7773468579236957, -2.6097990769447277, -4.213496456394836, -5.183405988037592, -5.869657025582459, -6.197143735792127, -6.304048081728625, -6.329077805293056, -6.356276518311529, -6.364568866300605, -6.362731402446534, -6.362731565187152, -6.364568541075591, -6.362731402446535
((B ((S +) (+ 1))) ((B (+ 1)) ((B (+ 1)) (((S B) (S *)) ((S +) (+ 1)))))), nan, nan, nan, nan, nan, nan, -7.806581648226228, -7.5080208860545605, -7.533050609618992, -7.96571443074563, -7.974006778734705, -7.972169314880635, -7.972169477621253, -7.974006453509691, -7.972169314880635
((S +) ((B ((S +) (+ 1))) ((S +) (((S B) (S *)) ((S +) (+ 1)))))), nan, nan, nan, nan, nan, -7.574405117820884, -7.401116540118063, -7.5080208860545605, -7.533050609618992, -7.560249322637465, -7.568541670626541, -7.56670420677247, -7.566704369513088, -7.568541345401527, -7.566704206772471
((S +) ((B ((S +) (+ 1))) ((B (+ ((+ 1) 1))) ((S +) (((S B) (S *)) ((S +) (+ 1))))))), nan, nan, nan, nan, nan, nan, -7.401116540118063, -7.913485994162725, -7.938515717727157, -7.96571443074563, -7.974006778734705, -7.972169314880635, -7.972169477621253, -7.974006453509691, -7.972169314880635
((B (+ 1)) ((B (+ ((+ 1) 1))) ((B ((S *) I)) (+ ((+ 1) 1))))), nan, nan, nan, nan, nan, nan, -7.806581648226228, -7.5080208860545605, -7.533050609618992, -7.96571443074563, -7.974006778734705, -7.972169314880635, -7.972169477621253, -7.974006453509691, -7.972169314880635
((S +) (((S B) (B ((S *) I))) ((S +) (+ 1)))), nan, nan, nan, nan, -6.649743056831017, -6.881257937260939, -7.401116540118063, -7.5080208860545605, -7.533050609618992, -7.560249322637465, -7.568541670626541, -7.56670420677247, -7.566704369513088, -7.568541345401527, -7.566704206772471
((S *) I), nan, nan, -4.401558546172782, -6.228399476937101, -6.649743056831017, -7.574405117820884, -7.401116540118063, -7.913485994162725, -7.938515717727157, -7.96571443074563, -7.974006778734705, -7.972169314880635, -7.972169477621253, -7.974006453509691, -7.972169314880635
((B ((S *) (+ 1))) ((S +) ((S +) (+ 1)))), nan, nan, nan, -6.228399476937101, -6.649743056831017, -7.168940009712719, -7.806581648226228, -7.913485994162725, -7.938515717727157, -7.96571443074563, -7.974006778734705, -7.972169314880635, -7.972169477621253, -7.974006453509691, -7.972169314880635
((B ((S *) (+ 1))) (+ 1)), nan, nan, nan, -5.312108745062946, -5.350460072700757, -5.964967205386783, -6.197143735792127, -6.304048081728625, -6.329077805293056, -6.356276518311529, -6.364568866300605, -6.362731402446534, -6.362731565187152, -6.364568541075591, -6.362731402446535
((B (+ 1)) ((B ((S +) ((S +) (+ 1)))) ((B ((S *) (+ 1))) (+ 1)))), nan, nan, nan, nan, nan, -7.574405117820884, -7.806581648226228, -7.913485994162725, -7.938515717727157, -7.96571443074563, -7.974006778734705, -7.972169314880635, -7.972169477621253, -7.974006453509691, -7.972169314880635
((S +) ((B ((S *) (+ 1))) ((S +) (+ 1)))), nan, nan, nan, -5.822934368828936, -5.956595876271072, -6.658114385946728, -7.113434467666282, -7.22033881360278, -7.245368537167211, -7.272567250185684, -7.28085959817476, -7.27902213432069, -7.279022297061307, -7.280859272949746, -7.27902213432069
((S +) ((S +) ((B ((S *) (+ 1))) (+ 1)))), nan, nan, nan, nan, -6.649743056831017, -6.658114385946728, -6.890290916352073, -7.22033881360278, -7.245368537167211, -7.272567250185684, -7.28085959817476, -7.27902213432069, -7.279022297061307, -7.280859272949746, -7.27902213432069
((S +) ((S +) ((S +) ((B ((S *) (+ 1))) ((S +) (+ 1)))))), nan, nan, nan, nan, nan, -7.574405117820884, -7.401116540118063, -7.5080208860545605, -7.533050609618992, -7.560249322637465, -7.568541670626541, -7.56670420677247, -7.566704369513088, -7.568541345401527, -7.566704206772471
((S +) ((S +) ((S +) ((S +) ((B ((S *) (+ 1))) (+ 1)))))), nan, nan, nan, nan, nan, nan, -7.401116540118063, -6.99719526228857, -7.0222249858530015, -7.272567250185684, -7.28085959817476, -7.27902213432069, -7.279022297061307, -7.280859272949746, -7.27902213432069
((S +) ((S +) ((S +) ((S +) ((S +) ((S +) ((B ((S *) (+ 1))) (+ 1)))))))), nan, nan, nan, nan, nan, nan, nan, nan, -7.938515717727157, -7.560249322637465, -7.568541670626541, -7.56670420677247, -7.566704369513088, -7.568541345401527, -7.566704206772471
((B (+ 1)) ((S +) ((B ((S +) ((S +) (+ 1)))) (((S B) (S *)) (+ ((+ 1) 1)))))), nan, nan, nan, nan, nan, nan, -7.806581648226228, -7.913485994162725, -7.938515717727157, -7.96571443074563, -7.974006778734705, -7.972169314880635, -7.972169477621253, -7.974006453509691, -7.972169314880635
(S +), nan, nan, -4.401558546172782, -3.124532760842558, -3.1267449563258674, -3.1028051319044687, -3.1164811850311955, -3.1982889353026174, -3.1886386941534486, -3.198350599640473, -3.2087145770811145, -3.221697280669105, -3.2205539327076442, -3.2216978714908597, -3.2216972806691055
((S B) ((S B) (S *))), nan, nan, nan, -4.81620877151363, -5.183196979781004, -5.972123480602802, -6.224425449192116, -6.300630943914866, -6.329552977551937, -6.355351020790587, -6.365714998231228, -6.368002412702471, -6.36685906474101, -6.368003003524225, -6.368002412702471
(S *), nan, -2.6936375897978504, -3.0152641850528923, -4.564894343232724, -5.278507159585329, -5.854340444946418, -6.224425449192116, -6.182847908258482, -6.211769941895553, -6.237567985134203, -6.247931962574844, -6.250219377046087, -6.249076029084626, -6.250219967867841, -6.250219377046087
(S B), nan, nan, -3.8907329224067917, -2.8875452251824134, -3.008010381142783, -3.2237362510422174, -3.2826215176636793, -3.248746509750375, -3.177291901765721, -3.139556862459794, -3.139558052864889, -3.13955713681812, -3.1395572995587377, -3.1395577276398745, -3.1395571368181203
((B (+ ((+ 1) 1))) ((B ((S *) (+ 1))) (+ 1))), nan, nan, nan, nan, -7.055208164939183, -6.658114385946728, -7.401116540118063, -7.913485994162725, -7.938515717727157, -7.96571443074563, -7.974006778734705, -7.972169314880635, -7.972169477621253, -7.974006453509691, -7.972169314880635
((B ((S *) I)) ((S +) ((S +) (+ 1)))), nan, nan, nan, -5.822934368828936, -5.956595876271072, -6.658114385946728, -7.113434467666282, -7.22033881360278, -7.245368537167211, -7.272567250185684, -7.28085959817476, -7.27902213432069, -7.279022297061307, -7.280859272949746, -7.27902213432069
((B (+ ((+ 1) 1))) ((B (+ ((+ 1) 1))) ((S +) ((S +) ((B ((S *) I)) ((S +) ((S +) (+ 1)))))))), nan, nan, nan, nan, nan, nan, nan, -7.913485994162725, -7.245368537167211, -7.272567250185684, -7.28085959817476, -7.27902213432069, -7.279022297061307, -7.280859272949746, -7.27902213432069
((B (+ ((+ 1) 1))) ((B (+ 1)) ((B (+ ((+ 1) 1))) ((B (+ 1)) ((B ((S *) I)) ((S +) ((S +) (+ 1)))))))), nan, nan, nan, nan, nan, nan, nan, -7.913485994162725, -7.533050609618992, -7.560249322637465, -7.568541670626541, -7.56670420677247, -7.566704369513088, -7.568541345401527, -7.566704206772471
((S +) ((B ((S *) I)) ((S +) (+ 1)))), nan, nan, nan, -5.822934368828936, -5.956595876271072, -6.658114385946728, -6.890290916352073, -6.99719526228857, -7.0222249858530015, -7.0494236988714745, -7.05771604686055, -7.055878583006479, -7.055878745747098, -7.057715721635536, -7.05587858300648
((S +) ((S +) ((B ((S *) I)) ((S +) ((S +) (+ 1)))))), nan, nan, nan, nan, nan, -6.881257937260939, -6.890290916352073, -6.99719526228857, -7.0222249858530015, -7.0494236988714745, -7.05771604686055, -7.055878583006479, -7.055878745747098, -7.057715721635536, -7.05587858300648
((S +) ((S +) ((S +) ((B ((S *) I)) ((S +) (+ 1)))))), nan, nan, nan, nan, nan, -7.574405117820884, -7.113434467666282, -7.22033881360278, -7.245368537167211, -7.272567250185684, -7.28085959817476, -7.27902213432069, -7.279022297061307, -7.280859272949746, -7.27902213432069
((B (+ 1)) (+ ((+ 1) 1))), nan, nan, nan, -5.822934368828936, -5.956595876271072, -6.475792829152773, -6.707969359558118, -6.99719526228857, -7.533050609618992, -7.96571443074563, -7.974006778734705, -7.972169314880635, -7.972169477621253, -7.974006453509691, -7.972169314880635
((B ((S +) (+ 1))) ((B (+ 1)) ((B ((S *) (+ 1))) (+ 1)))), nan, nan, nan, nan, nan, -7.574405117820884, -6.890290916352073, -6.99719526228857, -7.0222249858530015, -7.0494236988714745, -7.05771604686055, -7.055878583006479, -7.055878745747098, -7.057715721635536, -7.05587858300648
((S +) ((B ((S +) (+ 1))) ((B (+ 1)) ((S +) ((B ((S *) (+ 1))) (+ 1)))))), nan, nan, nan, nan, nan, nan, -7.806581648226228, -7.5080208860545605, -7.533050609618992, -7.560249322637465, -7.568541670626541, -7.56670420677247, -7.566704369513088, -7.568541345401527, -7.566704206772471
((B (+ 1)) ((B (+ 1)) ((B (+ 1)) ((S +) ((B ((S +) (+ 1))) (((S B) (S *)) (+ ((+ 1) 1)))))))), nan, nan, nan, nan, nan, nan, nan, nan, -7.938515717727157, -7.96571443074563, -7.974006778734705, -7.972169314880635, -7.972169477621253, -7.974006453509691, -7.972169314880635
((B (+ 1)) ((S +) ((B ((S +) (+ 1))) (((S B) (S *)) (+ ((+ 1) 1)))))), nan, nan, nan, nan, nan, nan, -7.806581648226228, -7.22033881360278, -7.533050609618992, -7.560249322637465, -7.568541670626541, -7.56670420677247, -7.566704369513088, -7.568541345401527, -7.566704206772471
((B (+ ((+ 1) 1))) ((B (+ ((+ 1) 1))) ((B (+ ((+ 1) 1))) ((S +) ((S +) ((B ((S *) I)) ((S +) ((S +) (+ 1))))))))), nan, nan, nan, nan, nan, nan, nan, nan, -7.938515717727157, -7.560249322637465, -7.568541670626541, -7.56670420677247, -7.566704369513088, -7.568541345401527, -7.566704206772471
((B (+ ((+ 1) 1))) ((S +) ((S +) ((B ((S *) I)) ((S +) ((S +) (+ 1))))))), nan, nan, nan, nan, nan, nan, -7.401116540118063, -7.22033881360278, -7.245368537167211, -7.272567250185684, -7.28085959817476, -7.27902213432069, -7.279022297061307, -7.280859272949746, -7.27902213432069
((B (+ 1)) ((B (+ ((+ 1) 1))) ((B (+ 1)) ((B ((S *) I)) ((S +) ((S +) (+ 1))))))), nan, nan, nan, nan, nan, nan, -7.806581648226228, -6.99719526228857, -7.533050609618992, -7.272567250185684, -7.28085959817476, -7.27902213432069, -7.279022297061307, -7.280859272949746, -7.27902213432069
((B (+ 1)) ((B (+ ((+ 1) 1))) ((B (+ 1)) ((S +) ((B ((S *) I)) ((S +) (+ 1))))))), nan, nan, nan, nan, nan, nan, -7.806581648226228, -7.5080208860545605, -7.533050609618992, -7.560249322637465, -7.568541670626541, -7.56670420677247, -7.566704369513088, -7.568541345401527, -7.566704206772471
((B ((S +) (+ 1))) ((B ((S *) I)) (+ ((+ 1) 1)))), nan, nan, nan, nan, -7.055208164939183, -7.574405117820884, nan, nan, nan, nan, nan, nan, nan, nan, nan
((B ((S +) ((S +) (+ 1)))) ((S +) ((B ((S +) (+ 1))) ((S *) (+ 1))))), nan, nan, nan, nan, nan, -7.168940009712719, -7.113434467666282, -7.5080208860545605, -7.533050609618992, -7.560249322637465, -7.568541670626541, -7.56670420677247, -7.566704369513088, -7.568541345401527, -7.566704206772471
((B ((S +) (+ 1))) ((S +) ((B ((S +) ((S +) (+ 1)))) ((S *) (+ 1))))), nan, nan, nan, nan, nan, nan, -7.806581648226228, -7.5080208860545605, -7.533050609618992, -7.560249322637465, nan, nan, nan, nan, nan
((B ((S +) (+ 1))) ((S +) ((B (+ 1)) ((S *) (+ 1))))), nan, nan, nan, nan, -7.055208164939183, -6.658114385946728, -6.707969359558118, -6.99719526228857, -7.245368537167211, -7.0494236988714745, -7.05771604686055, -7.055878583006479, -7.055878745747098, -7.057715721635536, -7.05587858300648
((B ((S +) (+ 1))) ((S +) ((S +) ((S +) ((B (+ 1)) ((S *) (+ 1))))))), nan, nan, nan, nan, nan, nan, -7.401116540118063, -7.22033881360278, -7.245368537167211, -7.272567250185684, -7.28085959817476, -7.56670420677247, -7.566704369513088, -7.568541345401527, -7.566704206772471
((B (+ 1)) ((B ((S +) ((S +) (+ 1)))) ((B (+ 1)) ((S +) ((B ((S +) (+ 1))) ((S *) (+ 1))))))), nan, nan, nan, nan, nan, nan, nan, -7.913485994162725, -7.938515717727157, -7.96571443074563, -7.974006778734705, -7.972169314880635, -7.972169477621253, -7.974006453509691, -7.972169314880635
((B (+ 1)) ((B (+ 1)) ((S +) ((B ((S +) (+ 1))) ((B (+ 1)) ((S *) (+ 1))))))), nan, nan, nan, nan, nan, nan, nan, nan, -7.938515717727157, -7.560249322637465, -7.974006778734705, -7.56670420677247, -7.566704369513088, -7.568541345401527, -7.566704206772471
((B (+ 1)) ((S +) ((B ((S +) (+ 1))) ((S *) (+ 1))))), nan, nan, nan, nan, nan, -7.574405117820884, -7.401116540118063, -7.22033881360278, -7.245368537167211, -7.272567250185684, -7.28085959817476, -7.27902213432069, -7.279022297061307, -7.280859272949746, -7.27902213432069
((S +) ((B ((S +) ((S +) (+ 1)))) ((B ((S +) (+ 1))) ((S *) (+ 1))))), nan, nan, nan, nan, nan, -6.881257937260939, -6.890290916352073, -6.99719526228857, -7.0222249858530015, -7.0494236988714745, -7.05771604686055, -7.27902213432069, -7.279022297061307, -7.280859272949746, -7.27902213432069
((S +) ((B ((S +) (+ 1))) ((B (+ 1)) ((B (+ 1)) ((B (+ 1)) ((S *) (+ 1))))))), nan, nan, nan, nan, nan, nan, -7.806581648226228, -7.913485994162725, -7.938515717727157, nan, -7.974006778734705, nan, nan, nan, nan
((S +) ((B ((S +) (+ 1))) ((B (+ 1)) ((S *) (+ 1))))), nan, nan, nan, nan, -6.649743056831017, -6.658114385946728, -6.890290916352073, -7.22033881360278, -7.245368537167211, -7.272567250185684, -7.28085959817476, -7.27902213432069, -7.279022297061307, -7.280859272949746, -7.27902213432069
((S +) ((B ((S +) (+ 1))) ((S +) ((S +) ((B (+ 1)) ((S *) (+ 1))))))), nan, nan, nan, nan, nan, nan, -7.806581648226228, -7.5080208860545605, nan, nan, nan, nan, nan, nan, nan
((B (+ 1)) ((B ((S *) (+ 1))) (+ ((+ 1) 1)))), nan, nan, nan, nan, nan, nan, -7.806581648226228, -7.5080208860545605, -7.533050609618992, -7.560249322637465, -7.568541670626541, -7.56670420677247, -7.566704369513088, -7.568541345401527, -7.566704206772471
((B (+ 1)) ((S +) ((S +) ((S +) ((S +) ((B ((S *) (+ 1))) (+ ((+ 1) 1)))))))), nan, nan, nan, nan, nan, nan, nan, -7.913485994162725, -7.533050609618992, -7.560249322637465, -7.568541670626541, -7.56670420677247, -7.566704369513088, -7.568541345401527, -7.566704206772471
((B (+ 1)) (((S B) (S *)) ((S +) (+ 1)))), nan, nan, nan, -6.228399476937101, -6.138917433065027, -6.321642149325516, -6.55381867973086, -6.99719526228857, -7.0222249858530015, -7.0494236988714745, -7.05771604686055, -7.055878583006479, -7.055878745747098, -7.057715721635536, -7.05587858300648
((B (+ 1)) ((B (+ ((+ 1) 1))) ((B (+ ((+ 1) 1))) ((S +) (((S B) (S *)) ((S +) ((S +) (+ 1)))))))), nan, nan, nan, nan, nan, nan, nan, -7.913485994162725, nan, nan, nan, nan, nan, nan, nan
((B (+ 1)) ((S +) (((S B) (S *)) ((S +) ((S +) (+ 1)))))), nan, nan, nan, nan, nan, -7.574405117820884, -7.806581648226228, -7.913485994162725, -7.938515717727157, -7.96571443074563, -7.974006778734705, -7.972169314880635, -7.972169477621253, -7.974006453509691, -7.972169314880635
((B (+ ((+ 1) 1))) ((B (+ 1)) (((S B) (S *)) ((S +) (+ 1))))), nan, nan, nan, nan, -6.649743056831017, -6.475792829152773, -7.113434467666282, -7.913485994162725, -7.938515717727157, -7.96571443074563, -7.974006778734705, -7.972169314880635, -7.972169477621253, -7.974006453509691, -7.972169314880635
((B (+ 1)) ((B (+ ((+ 1) 1))) ((B (+ ((+ 1) 1))) ((B (+ ((+ 1) 1))) ((S +) (((S B) (S *)) ((S +) ((S +) (+ 1))))))))), nan, nan, nan, nan, nan, nan, nan, nan, -7.938515717727157, -7.96571443074563, -7.974006778734705, -7.972169314880635, -7.972169477621253, -7.974006453509691, -7.972169314880635
(B ((S +) (+ 1))), nan, nan, nan, -4.459533827574898, -3.7524508560902796, -3.861910280256212, -4.114212248845526, -4.319629475048283, -4.4200104726674985, -4.483548843888995, -4.573955529003172, -4.618802557893212, -4.639638116650526, -4.640782055433742, -4.640781464611988
(B ((B (+ 1)) ((B (+ 1)) ((S *) (+ 1))))), nan, nan, nan, nan, -6.887945072019429, nan, nan, nan, nan, nan, nan, nan, nan, nan, nan
(B ((S *) (+ 1))), nan, nan, -3.9960934380646185, -4.459533827574898, -5.278507159585329, -5.854340444946418, -6.224425449192116, -6.300630943914866, -6.329552977551937, -6.355351020790587, -6.365714998231228, -6.368002412702471, -6.36685906474101, -6.368003003524225, -6.368002412702471
((B ((S +) (+ 1))) ((B (+ ((+ 1) 1))) ((B (+ 1)) ((S *) ((S +) (+ 1)))))), nan, nan, nan, nan, nan, -7.574405117820884, -7.113434467666282, -7.5080208860545605, -7.533050609618992, -7.96571443074563, -7.974006778734705, -7.972169314880635, -7.972169477621253, -7.974006453509691, -7.972169314880635
((B ((S +) ((S +) (+ 1)))) ((B ((S +) (+ 1))) ((S *) (+ 1)))), nan, nan, nan, nan, -6.649743056831017, -6.658114385946728, -6.890290916352073, -7.22033881360278, -7.245368537167211, -7.272567250185684, -7.05771604686055, -7.27902213432069, -7.279022297061307, -7.280859272949746, -7.27902213432069
((B ((S +) (+ 1))) ((B ((S +) ((S +) (+ 1)))) ((S *) (+ 1)))), nan, nan, nan, nan, nan, -7.574405117820884, -7.806581648226228, -7.5080208860545605, nan, nan, nan, nan, nan, nan, nan
((B ((S +) (+ 1))) ((B (+ 1)) ((B (+ 1)) ((B (+ 1)) ((S *) (+ 1)))))), nan, nan, nan, nan, nan, -7.574405117820884, -7.113434467666282, -7.22033881360278, -7.245368537167211, -7.560249322637465, -7.568541670626541, -7.972169314880635, -7.972169477621253, -7.974006453509691, -7.972169314880635
((B ((S +) (+ 1))) ((B (+ 1)) ((S *) (+ 1)))), nan, nan, nan, -5.822934368828936, -5.802445196443815, -6.321642149325516, -6.55381867973086, -6.814873705494616, -6.839903429059047, -6.86710214207752, -6.875394490066595, -6.873557026212526, -6.873557188953144, -6.875394164841581, -6.873557026212526
((B ((S +) (+ 1))) ((S +) ((S +) ((B (+ 1)) ((S *) (+ 1)))))), nan, nan, nan, nan, nan, -7.168940009712719, -7.113434467666282, -7.5080208860545605, -7.533050609618992, -7.96571443074563, -7.974006778734705, -7.972169314880635, nan, nan, nan
((B (+ 1)) ((B ((S +) (+ 1))) ((S *) (+ 1)))), nan, nan, nan, nan, -7.055208164939183, -7.168940009712719, -7.401116540118063, -7.22033881360278, -7.245368537167211, -7.272567250185684, -7.28085959817476, -7.27902213432069, -7.279022297061307, -7.280859272949746, -7.27902213432069
((B (+ 1)) ((S +) ((S +) ((B ((S +) ((S +) (+ 1)))) ((B (+ 1)) ((B ((S +) (+ 1))) ((S *) (+ 1)))))))), nan, nan, nan, nan, nan, nan, nan, nan, nan, nan, -7.974006778734705, -7.972169314880635, -7.972169477621253, -7.974006453509691, -7.972169314880635
((S +) ((B ((S +) (+ 1))) ((S +) ((B (+ 1)) ((S *) (+ 1)))))), nan, nan, nan, nan, nan, nan, nan, nan, nan, -7.96571443074563, -7.974006778734705, -7.972169314880635, -7.972169477621253, -7.974006453509691, -7.972169314880635
((S +) ((B ((S +) (+ 1))) ((S +) ((S +) ((S +) ((B (+ 1)) ((S *) (+ 1)))))))), nan, nan, nan, nan, nan, nan, nan, -7.913485994162725, -7.533050609618992, -7.560249322637465, -7.974006778734705, -7.972169314880635, -7.972169477621253, -7.974006453509691, -7.972169314880635
((S +) ((S +) ((B ((S +) ((S +) (+ 1)))) ((B ((S +) (+ 1))) ((S *) (+ 1)))))), nan, nan, nan, nan, nan, nan, -7.401116540118063, -7.5080208860545605, -7.533050609618992, -7.96571443074563, -7.974006778734705, -7.972169314880635, -7.972169477621253, -7.974006453509691, -7.972169314880635
((B (+ 1)) (((S B) (S *)) ((S +) ((S +) (+ 1))))), nan, nan, nan, nan, -7.055208164939183, -6.881257937260939, -7.113434467666282, -7.22033881360278, -7.245368537167211, -7.272567250185684, -7.28085959817476, -7.27902213432069, -7.279022297061307, -7.280859272949746, -7.27902213432069
((B (+ 1)) ((B (+ ((+ 1) 1))) ((B (+ 1)) ((B (+ ((+ 1) 1))) ((B (+ 1)) (((S B) (S *)) ((S +) ((S +) (+ 1))))))))), nan, nan, nan, nan, nan, nan, nan, nan, -7.938515717727157, -7.96571443074563, -7.974006778734705, -7.972169314880635, -7.972169477621253, -7.974006453509691, -7.972169314880635
((B (+ 1)) ((S +) (((S B) (S *)) ((S +) (+ 1))))), nan, nan, nan, nan, -6.649743056831017, -6.475792829152773, -7.113434467666282, -7.22033881360278, -7.245368537167211, -7.272567250185684, -7.28085959817476, -7.27902213432069, -7.279022297061307, -7.280859272949746, -7.27902213432069
((B (+ 1)) ((S +) ((S +) ((S +) ((B ((S *) (+ 1))) (+ ((+ 1) 1))))))), nan, nan, nan, nan, nan, nan, -7.806581648226228, -7.5080208860545605, -7.533050609618992, -7.560249322637465, -7.568541670626541, -7.56670420677247, -7.566704369513088, -7.568541345401527, -7.566704206772471
(B ((S +) ((S +) (+ 1)))), nan, nan, nan, -6.068971740008998, -4.248887742404172, -4.496216960793223, -4.666280831145565, -4.7965535471385925, -4.825475580775663, -4.851273624014312, -4.861637601454953, -4.863925015926196, -4.862781667964736, -4.8639256067479515, -4.863925015926197
(B (+ 1)), nan, nan, -3.485267814298628, -3.048546853864636, -2.9271319024218516, -2.7940696502548557, -2.606773504366546, -2.439901232874271, -2.435184907362512, -2.406514042239724, -2.3930673709866466, -2.393004608112936, -2.389516593192221, -2.388321349622265, -2.3906599411536824
((B (+ ((+ 1) 1))) ((B (+ 1)) (((S B) (S *)) ((S +) ((S +) (+ 1)))))), nan, nan, nan, nan, nan, -7.168940009712719, -6.890290916352073, -7.5080208860545605, -7.245368537167211, -7.560249322637465, -7.568541670626541, -7.56670420677247, -7.566704369513088, -7.568541345401527, -7.566704206772471
((B (+ 1)) ((B (+ ((+ 1) 1))) ((B (+ ((+ 1) 1))) ((B (+ ((+ 1) 1))) ((S +) (((S B) (S *)) ((S +) (+ 1)))))))), nan, nan, nan, nan, nan, nan, nan, -7.913485994162725, -7.938515717727157, -7.96571443074563, -7.974006778734705, -7.972169314880635, -7.972169477621253, -7.974006453509691, -7.972169314880635
((B (+ 1)) ((B (+ ((+ 1) 1))) ((B (+ ((+ 1) 1))) ((B (+ ((+ 1) 1))) ((S +) ((S +) (((S B) (S *)) ((S +) ((S +) (+ 1)))))))))), nan, nan, nan, nan, nan, nan, nan, nan, nan, -7.96571443074563, -7.974006778734705, -7.972169314880635, -7.972169477621253, -7.974006453509691, -7.972169314880635
((B (+ 1)) ((B (+ ((+ 1) 1))) ((S +) (((S B) (S *)) ((S +) (+ 1)))))), nan, nan, nan, nan, nan, -7.574405117820884, -7.806581648226228, -7.913485994162725, nan, nan, nan, nan, nan, nan, nan
((B (+ 1)) ((B (+ 1)) ((B (+ ((+ 1) 1))) ((B (+ 1)) (((S B) (S *)) ((S +) ((S +) (+ 1)))))))), nan, nan, nan, nan, nan, nan, nan, -7.913485994162725, nan, nan, nan, nan, nan, nan, nan
(B ((S +) ((S *) (+ 1)))), nan, nan, nan, -5.663506631900834, nan, nan, nan, nan, nan, nan, nan, nan, nan, nan, nan
((B ((S *) I)) ((S +) (+ 1))), nan, nan, nan, -5.312108745062946, -6.138917433065027, -6.658114385946728, -6.890290916352073, -7.22033881360278, -7.245368537167211, -7.272567250185684, -7.28085959817476, -7.27902213432069, -7.279022297061307, -7.280859272949746, -7.27902213432069
((B (+ ((+ 1) 1))) ((B (+ ((+ 1) 1))) ((S +) ((B ((S *) I)) ((S +) ((S +) (+ 1))))))), nan, nan, nan, nan, nan, nan, -7.806581648226228, -6.814873705494616, -7.245368537167211, -7.272567250185684, -7.28085959817476, -7.27902213432069, -7.279022297061307, -7.280859272949746, -7.27902213432069
((S +) ((B ((S *) I)) ((S +) ((S +) (+ 1))))), nan, nan, nan, nan, -6.362060984379237, -6.321642149325516, -6.55381867973086, -6.660723025667357, -6.6857527492317885, -6.7129514622502615, -6.721243810239337, -6.719406346385267, -6.719406509125885, -6.721243485014323, -6.719406346385267
((S +) ((S +) ((B ((S *) I)) ((S +) (+ 1))))), nan, nan, nan, nan, -7.055208164939183, -6.881257937260939, -7.113434467666282, -7.22033881360278, -7.245368537167211, -7.272567250185684, -7.28085959817476, -7.27902213432069, -7.279022297061307, -7.280859272949746, -7.27902213432069
((S +) ((S +) ((S +) ((S +) ((B ((S *) I)) ((S +) (+ 1))))))), nan, nan, nan, nan, nan, nan, -7.806581648226228, -7.5080208860545605, -7.533050609618992, -7.560249322637465, -7.568541670626541, -7.56670420677247, -7.566704369513088, -7.568541345401527, -7.566704206772471
(((S B) ((S B) (S *))) ((B (+ 1)) (+ ((+ 1) 1)))), nan, nan, nan, nan, -7.055208164939183, -7.168940009712719, -7.806581648226228, -7.913485994162725, -7.938515717727157, -7.96571443074563, -7.974006778734705, -7.972169314880635, -7.972169477621253, -7.974006453509691, -7.972169314880635
((B (+ 1)) ((B (+ 1)) (((S B) ((S B) (S *))) ((B (+ 1)) (+ ((+ 1) 1)))))), nan, nan, nan, nan, nan, nan, nan, -7.913485994162725, -7.938515717727157, -7.96571443074563, -7.974006778734705, -7.972169314880635, -7.972169477621253, -7.974006453509691, -7.972169314880635
((B (+ 1)) ((B ((S +) (+ 1))) (((S B) (S *)) (+ ((+ 1) 1))))), nan, nan, nan, nan, nan, nan, nan, nan, nan, nan, -7.974006778734705, -7.27902213432069, -7.566704369513088, -7.568541345401527, -7.566704206772471
((B (+ 1)) ((B (+ 1)) ((B (+ 1)) ((B ((S +) (+ 1))) (((S B) (S *)) (+ ((+ 1) 1))))))), nan, nan, nan, nan, nan, nan, nan, nan, nan, nan, nan, nan, -7.972169477621253, -7.974006453509691, -7.972169314880635
((B ((S +) (+ 1))) ((B (+ 1)) ((S +) ((B ((S *) (+ 1))) (+ 1))))), nan, nan, nan, nan, nan, -7.574405117820884, -6.890290916352073, -6.99719526228857, -7.0222249858530015, -7.0494236988714745, -7.05771604686055, -7.055878583006479, -7.055878745747098, -7.057715721635536, -7.05587858300648
((S +) ((B ((S +) (+ 1))) ((B (+ 1)) ((B ((S *) (+ 1))) (+ 1))))), nan, nan, nan, nan, nan, nan, -7.806581648226228, -7.5080208860545605, -7.533050609618992, -7.560249322637465, -7.568541670626541, -7.56670420677247, -7.566704369513088, -7.568541345401527, -7.566704206772471
((B (+ ((+ 1) 1))) ((B (+ ((+ 1) 1))) ((B (+ ((+ 1) 1))) ((S +) ((B ((S *) I)) ((S +) ((S +) (+ 1)))))))), nan, nan, nan, nan, nan, nan, nan, -7.913485994162725, -7.245368537167211, -7.560249322637465, -7.568541670626541, -7.56670420677247, -7.566704369513088, -7.568541345401527, -7.566704206772471
((B (+ ((+ 1) 1))) ((S +) ((B ((S *) I)) ((S +) ((S +) (+ 1)))))), nan, nan, nan, nan, nan, -7.574405117820884, -7.113434467666282, -7.5080208860545605, -7.533050609618992, -7.560249322637465, -7.568541670626541, -7.56670420677247, -7.566704369513088, -7.568541345401527, -7.566704206772471
((B (+ 1)) ((B (+ ((+ 1) 1))) ((B (+ 1)) ((B ((S *) I)) ((S +) (+ 1)))))), nan, nan, nan, nan, nan, nan, nan, -7.913485994162725, -7.938515717727157, -7.96571443074563, -7.974006778734705, -7.972169314880635, -7.972169477621253, -7.974006453509691, -7.972169314880635
((B (+ 1)) ((B (+ ((+ 1) 1))) (((S B) ((S B) (S *))) (+ ((+ 1) 1))))), nan, nan, nan, nan, nan, nan, -7.806581648226228, -7.5080208860545605, -7.533050609618992, -7.560249322637465, -7.568541670626541, -7.972169314880635, -7.972169477621253, -7.568541345401527, -7.972169314880635
(B ((S *) I)), nan, nan, -3.9960934380646185, -4.123061590953685, -5.016142895117838, -5.566658372494636, -5.81896034108395, -5.982177212796332, -6.106409426237727, -6.132207469476376, -6.142571446917017, -6.14485886138826, -6.1437155134268, -6.1448594522100155, -6.144858861388261
