((CS (BS +)) (((SB +) +) ((+ 1) 1))), nan, nan, nan, -7.560337351387291, -7.054106733920476, -7.086337121905204, -7.132066564491795, -7.180427835877237, -6.939561531487136, -7.499903372629053, -7.033595591110982, -7.273512502059591, -7.296978685560727, -6.903987240477512, -7.316379484967866
(((CS (BS +)) (+ 1)) ((SB +) +)), nan, nan, -4.533189831195952, -4.964727341530969, -4.785215486712904, -4.75485267934781, -4.9074430129674615, -4.862886651729541, -4.835102226832012, -4.849630972193654, -4.862392069682919, -4.860385534665723, -4.845519969840266, -4.845599107995509, -4.8180498148477255
((SB +) ((BS ((BS *) +)) +)), nan, nan, nan, -7.712201735286603, -7.904515016722073, -7.917876426290117, -7.949456039085459, -7.707318062147034, -7.686194010559737, -8.451977403787739, -8.0917752688038, -7.59660661273463, -7.833326178121837, -7.6195027548166, -7.8515724651821515
(((BS +) +) 1), nan, nan, -4.938654939304117, -5.2524094139827495, -5.296041110478894, -5.671143411221965, -5.600590193527407, -5.556033832289486, -5.528249407391957, -5.542778152753599, -5.555539250242864, -5.553532715225669, -5.538667150400212, -5.538746288555455, -5.511196995407671
((BS ((BS *) +)) +), nan, nan, -6.929962139249699, -6.613589446618493, -6.923685763710346, -7.224729245730172, -6.745483234759523, -7.01417088158709, -6.875263794343407, -7.065683042667847, -6.993162980135692, -7.126602983488895, -6.821725266443357, -7.031716089914481, -7.040642248965823
((BS +) ((BS +) ((BS ((BS *) +)) +))), nan, nan, nan, nan, -8.309980124830236, -7.917876426290117, -7.661773966633677, -7.707318062147034, -7.686194010559737, -7.758830223227792, -8.0917752688038, -8.10743223650062, -8.121008250573619, -7.84264630613081, -7.8515724651821515
(((CS (BS +)) (+ 1)) *), nan, nan, -4.715511387989907, -4.964727341530969, -5.0083590380271135, -4.977996230662019, -5.1951250854192415, -5.150568724181322, -5.122784299283793, -5.137313044645435, -5.1500741421347, -5.148067607117503, -5.133202042292047, -5.13328118044729, -5.105731887299506
(((CS (BS +)) (+ 1)) +), nan, nan, -4.533189831195952, -4.964727341530969, -4.785215486712904, -4.572531122553855, -4.684299461653251, -4.862886651729541, -4.835102226832012, -4.849630972193654, -4.862392069682919, -4.860385534665723, -4.845519969840266, -4.6224555566813, -4.8180498148477255
((CS (BS +)) (((CS (BS +)) (+ 1)) +)), nan, nan, nan, -7.560337351387291, -6.243176517704147, -6.393189941345259, -6.321136348275467, -6.487280655317292, -6.469557902241402, -6.401291083960943, -6.445808926208864, -6.357221770185437, -6.737362897625304, -6.749836560650254, -6.756763697032444
((CS (BS +)) (((BS +) +) 1)), nan, nan, -6.778616510350049, -5.768577882159236, -5.607187750984151, -5.58225972512893, -5.745772203371905, -5.676350439100963, -5.840949242819027, -5.7653023172409466, -6.158126853757082, -6.261911590381112, -6.603831505000782, -6.498522132369349, -6.505449268751538
(((SB +) +) ((+ 1) 1)), nan, nan, -4.715511387989907, -4.741583790216759, -5.0083590380271135, -4.977996230662019, -4.9074430129674615, -4.862886651729541, -4.835102226832012, -4.849630972193654, -4.862392069682919, -4.860385534665723, -4.845519969840266, -4.845599107995509, -4.8180498148477255
((CS (BS +)) (((CS (BS +)) (+ 1)) ((SB +) +))), nan, nan, -6.778616510350049, -6.644046619513136, -6.648641625812313, -6.680872013797039, -6.572450776556372, -6.620812047941814, -6.603089294865923, -6.989077748863062, -7.256739142425192, -7.273512502059591, -7.584660758012507, -7.597134421037458, -7.604061557419647
((((SB +) +) ((+ 1) 1)) 1), nan, nan, -5.8223204438621945, -4.0924281789383485, -4.163467917670475, -4.178397580455241, -4.18022927784391, -4.202143740036118, -4.145868945593204, -4.134228397998447, -4.111477726114208, -4.048273983403563, -4.043701433975193, -4.06731106954063, -4.045235231553908
((BS +) ((BS +) ((BS +) ((BS +) ((BS +) ((BS +) ((CB ((BS *) +)) (+ 1)))))))), nan, nan, nan, nan, nan, nan, nan, nan, nan, -8.046512295679573, -7.398628088243855, -7.414285055940675, -7.427861070013673, -7.437181198022646, -7.446107357073987
((BS +) ((BS +) ((BS +) ((BS +) ((CB ((BS *) +)) (+ 1)))))), nan, nan, nan, nan, nan, nan, nan, -7.707318062147034, -6.993046829999791, -7.065683042667847, -7.110946015792075, -7.260134376113416, -7.273710390186414, -7.283030518195387, -7.291956677246729
((BS +) ((BS +) ((CB ((BS *) +)) (+ 1)))), nan, nan, nan, nan, -8.309980124830236, -6.819264137622007, -6.650173054955197, -6.608705773478924, -6.5875817218916275, -6.842539491353637, -6.993162980135692, -6.903459432174684, -7.022395961905508, -7.031716089914481, -7.040642248965823
((CB ((BS *) +)) (+ 1)), nan, nan, -7.335427247357863, -6.412918751156342, -6.605232032591812, -6.45153935749669, -6.409010998138311, -6.454555093651667, -6.507539014218091, -6.660217934559683, -6.70548090768391, -6.721137875380729, -6.734713889453728, -6.744034017462701, -6.7529601765140415
((BS +) ((BS +) ((SB +) ((CB ((BS *) +)) (+ 1))))), nan, nan, nan, nan, nan, nan, nan, nan, nan, -8.046512295679573, -8.0917752688038, -8.10743223650062, -8.121008250573619, -8.130328378582591, -8.139254537633931
((SB +) ((CB ((BS *) +)) (+ 1))), nan, nan, nan, -7.712201735286603, -7.211367836162128, -7.630194353838336, -7.4386304153194684, -7.147702274211611, -7.463050459245527, -7.353365115119629, -7.80409319635202, -7.59660661273463, -7.610182626807627, -7.84264630613081, -7.446107357073987
((BS +) ((BS +) ((BS +) ((BS +) ((BS +) ((SB ((BS +) +)) ((BS *) *))))))), nan, nan, nan, nan, nan, nan, nan, nan, nan, nan, nan, -8.512897344608783, -8.526473358681782, -8.535793486690755, -8.544719645742097
((BS +) ((BS +) ((BS +) ((SB ((BS +) +)) ((BS *) *))))), nan, nan, nan, nan, nan, nan, nan, nan, nan, -7.758830223227792, -7.398628088243855, -7.414285055940675, -7.427861070013673, -7.437181198022646, -7.446107357073987
((BS +) ((SB ((BS +) +)) ((BS *) *))), nan, nan, nan, nan, nan, nan, nan, -7.707318062147034, -7.280728902451573, -7.353365115119629, -7.398628088243855, -7.414285055940675, -7.427861070013673, -7.437181198022646, -7.446107357073987
((BS +) ((SB ((BS +) +)) ((BS +) +))), nan, nan, nan, nan, nan, nan, nan, nan, nan, nan, nan, nan, nan, -8.535793486690755, -7.8515724651821515
((BS *) ((CS (BS +)) (+ ((+ 1) 1)))), nan, nan, nan, -6.644046619513136, -7.341788806372257, -7.374019194356984, -7.419748636943576, -7.468109908329017, -7.450387155253127, -7.905368480737217, -7.9498863229851375, -7.561194574511373, -7.584660758012507, -7.597134421037458, -7.604061557419647
((BS +) ((SB *) ((SB ((BS +) +)) ((BS +) +)))), nan, nan, nan, nan, nan, nan, nan, nan, nan, nan, nan, nan, nan, nan, -8.544719645742097
((BS +) ((CB +) (+ 1))), nan, nan, nan, nan, nan, nan, -8.354921147193624, -7.3018529540388695, -7.280728902451573, -7.065683042667847, -7.110946015792075, -7.126602983488895, -7.1401789975618914, -7.6195027548166, -7.446107357073987
((BS *) ((CC (BS +)) ((+ 1) 1))), nan, nan, nan, -7.560337351387291, -7.054106733920476, -7.779484302465149, -7.419748636943576, -7.180427835877237, -6.7572399746931815, -6.806756192069108, -6.6971233544897695, -7.273512502059591, -7.296978685560727, -6.903987240477512, -7.093235933653657
((BS +) ((BS +) ((BS +) ((BS +) ((SB ((BS *) +)) +))))), nan, nan, nan, nan, nan, nan, nan, nan, nan, nan, nan, -8.512897344608783, -8.526473358681782, -8.535793486690755, -8.544719645742097
((BS +) ((BS +) ((SB ((BS *) +)) +))), nan, nan, nan, nan, nan, nan, nan, nan, -8.379341191119682, -7.535686671913583, -7.58094964503781, -7.59660661273463, -7.610182626807627, -7.6195027548166, -7.628428913867942
((SB ((BS *) +)) +), nan, nan, -7.335427247357863, -6.864903874899399, -6.923685763710346, -7.224729245730172, -7.4386304153194684, -7.484174510832824, -7.280728902451573, -7.535686671913583, -7.58094964503781, -7.414285055940675, -7.427861070013673, -7.437181198022646, -7.446107357073987
((SB +) ((SB ((BS *) +)) +)), nan, nan, nan, -8.117666843394767, -8.309980124830236, nan, nan, nan, nan, nan, nan, nan, nan, nan, nan
((SB +) ((BS ((BS *) +)) ((BS +) +))), nan, nan, nan, -8.117666843394767, nan, nan, nan, nan, nan, nan, nan, nan, nan, nan, nan
((BS ((BS *) +)) ((BS +) +)), nan, nan, -7.335427247357863, -7.019054554726658, -7.904515016722073, -8.323341534398281, -8.354921147193624, -8.40046524270698, -8.379341191119682, -8.046512295679573, nan, nan, nan, nan, nan
((BS +) ((BS ((BS *) +)) +)), nan, nan, nan, -7.712201735286603, -7.211367836162128, -7.224729245730172, -7.2563088585255135, -7.3018529540388695, -7.280728902451573, -7.353365115119629, -7.398628088243855, -7.59660661273463, -7.427861070013673, -7.437181198022646, -7.446107357073987
(((CS (BS +)) (+ 1)) ((BS *) +)), nan, nan, -4.533189831195952, -4.559262233422804, -5.0083590380271135, -4.977996230662019, -4.9074430129674615, -5.150568724181322, -5.122784299283793, -4.849630972193654, -4.862392069682919, -4.860385534665723, -5.133202042292047, -5.13328118044729, -5.105731887299506
(((CS (BS +)) (+ 1)) ((BS +) +)), nan, nan, -4.715511387989907, -4.559262233422804, -4.60289392991895, -4.75485267934781, -4.684299461653251, -4.639743100415331, -4.611958675517802, -4.626487420879444, -4.639248518368709, -4.637241983351513, -4.6223764185260565, -4.6224555566813, -4.594906263533516
((CS (BS +)) (((CS (BS +)) (+ 1)) ((BS +) +))), nan, nan, nan, -6.644046619513136, -6.494490945985054, -6.526721333969781, -6.726601456383631, -6.774962727769072, -6.939561531487136, -6.806756192069108, -7.033595591110982, -6.868047393951428, -6.891513577452562, -6.903987240477512, -7.316379484967866
((BS *) ((CS (BS +)) (((BS +) +) 1))), nan, nan, nan, -6.867190170827346, -7.054106733920476, nan, nan, nan, nan, nan, nan, nan, nan, nan, nan
((+ 1) ((+ 1) ((+ 1) 1))), nan, nan, -6.227785551970359, -4.241959912909312, -4.222308417693409, -4.286611165095473, -4.18022927784391, -4.268101707827916, -4.249053181828434, -4.1525775366666435, -4.111477726114208, -4.079045642070317, -4.029312696523093, -4.0387376970965745, -4.073406108520604
((+ 1) 1), nan, -2.9924356243218617, -2.7620496491706326, -3.6328958495599086, -3.7675722605784614, -3.8716673130327646, -3.921367643927621, -3.9251569567010853, -3.873001958926564, -3.9074550786336584, -3.9549086654226677, -3.9612626064139334, -3.9603198250361427, -4.0387376970965745, -4.004413237033654
((CS (BS +)) (((CS (BS +)) (+ 1)) ((BS *) +))), nan, nan, nan, -7.560337351387291, nan, nan, nan, nan, nan, nan, nan, nan, nan, nan, nan
((+ 1) ((((CS (BS +)) (+ 1)) +) ((+ 1) 1))), nan, nan, nan, -6.982799936834513, -4.499940154291688, -4.37622332378516, -4.380899973306062, -4.314621723462809, -4.2710320885472095, -4.2703605723230265, -4.276992164591781, -4.325905720001843, -4.326564219991025, -4.240974563591471, -4.211027486396652
((((CS (BS +)) (+ 1)) ((SB +) +)) ((+ 1) 1)), nan, nan, -5.534638371410414, -4.903358395154677, -5.010765778057679, -4.846226953030896, -4.828924695833021, -4.794194803724695, -4.710398748331055, -4.740364201568762, -4.692507608553447, -4.654409786973878, -4.640221778846067, -4.612538120023954, -4.608329283865656
((((CS (BS +)) (+ 1)) ((BS +) +)) 1), nan, nan, -5.534638371410414, -4.343742607219254, -4.422979113155559, -4.407972022099741, -4.3008572656325255, -4.291091226052615, -4.227546976607471, -4.312920186741823, -4.276992164591781, -4.325905720001843, -4.30751602502033, -4.25836630630334, -4.2788500827354135
((BS +) ((BS +) ((BS +) ((BS +) ((BS +) ((BS +) ((BS +) ((CB ((BS *) +)) (+ 1))))))))), nan, nan, nan, nan, nan, nan, nan, nan, nan, nan, -8.497240376911964, -8.512897344608783, -8.526473358681782, -8.535793486690755, -8.544719645742097
((BS +) ((BS +) ((BS +) ((BS +) ((BS +) ((CB ((BS *) +)) (+ 1))))))), nan, nan, nan, nan, nan, nan, nan, nan, -7.973876083011517, -7.353365115119629, -7.398628088243855, -7.260134376113416, -7.610182626807627, -7.283030518195387, -7.291956677246729
((BS +) ((BS +) ((BS +) ((CB ((BS *) +)) (+ 1))))), nan, nan, nan, nan, nan, nan, -7.2563088585255135, -6.791027330272879, -6.875263794343407, -6.947900007011463, -7.110946015792075, -7.260134376113416, -7.273710390186414, -7.283030518195387, -7.446107357073987
((BS +) ((CB ((BS *) +)) (+ 1))), nan, nan, nan, -7.019054554726658, -6.700542212396137, -6.531582065170227, -6.483118970292032, -6.528663065805388, -6.5875817218916275, -6.7472293115493125, -6.887802464477865, -6.903459432174684, -6.917035446247682, -6.83104539445233, -6.839971553503672
((BS +) ((SB +) ((CB ((BS *) +)) (+ 1)))), nan, nan, nan, nan, nan, nan, nan, -7.995000134598815, -7.280728902451573, -7.535686671913583, -7.58094964503781, -7.59660661273463, -7.427861070013673, -7.437181198022646, -7.446107357073987
((CS (CB +)) (+ 1)), nan, nan, -6.061658681096385, -7.556778628770297, -7.7456950677111305, -7.779484302465149, nan, nan, nan, nan, nan, nan, nan, nan, nan
((CS (BS +)) (* ((+ 1) 1))), nan, nan, nan, -6.644046619513136, -5.6678123728005865, -5.8335741534098355, -5.810310724509476, -6.00177283953559, -5.9840500864597, -6.200620388498792, -6.563591961865248, -6.462582285843264, -6.603831505000782, -6.297851436907197, -6.623232304407922
((BS +) ((BS +) ((BS +) ((BS +) ((SB ((BS +) +)) ((BS *) *)))))), nan, nan, nan, nan, nan, nan, nan, nan, nan, nan, -8.0917752688038, -7.59660661273463, -7.610182626807627, -7.6195027548166, -7.628428913867942
((BS +) ((BS +) ((SB ((BS +) +)) ((BS *) *)))), nan, nan, nan, nan, nan, nan, nan, nan, -7.686194010559737, -7.353365115119629, -7.398628088243855, -7.414285055940675, -7.427861070013673, -7.437181198022646, -7.446107357073987
((SB ((BS +) +)) ((BS *) *)), nan, nan, nan, -7.712201735286603, -7.616832944270292, -7.407050802524126, -7.4386304153194684, -7.147702274211611, -7.126578222624314, -7.19921443529237, -7.244477408416597, -7.414285055940675, -7.427861070013673, -7.437181198022646, -7.446107357073987
((SB ((BS +) +)) ((BS *) +)), nan, nan, -7.335427247357863, -6.613589446618493, -7.211367836162128, -7.224729245730172, -7.102158178698255, -7.147702274211611, -7.280728902451573, -7.19921443529237, -7.398628088243855, -7.414285055940675, -7.427861070013673, -7.437181198022646, -7.291956677246729
((CS (BS +)) (+ ((+ 1) 1))), nan, nan, -6.778616510350049, -5.855589259148866, -6.137816002046321, -6.1700463900310485, -6.120465652813315, -6.2641371040030815, -6.064092794133236, -6.033566303835626, -5.752661745648918, -5.9517566620772735, -6.044215717065359, -6.130797352244031, -6.063616516472499
((SB *) ((CB +) (* 0))), nan, nan, -7.335427247357863, nan, nan, nan, nan, nan, nan, nan, nan, nan, nan, nan, nan
((SB ((BS +) +)) ((BS +) +)), nan, nan, nan, -8.117666843394767, -7.211367836162128, -7.070578565902913, -7.102158178698255, -7.01417088158709, -7.463050459245527, -6.947900007011463, -7.398628088243855, -7.260134376113416, -7.273710390186414, -7.149499125570864, -7.158425284622207
(((BS *) *) ((+ 1) 1)), nan, nan, -5.226337011755898, -5.2524094139827495, -5.296041110478894, -5.2656783031138, -5.1951250854192415, -5.150568724181322, -5.122784299283793, -5.137313044645435, -5.1500741421347, -5.148067607117503, -5.133202042292047, -5.13328118044729, -5.105731887299506
((SB +) ((CB +) (* 0))), nan, nan, nan, -8.117666843394767, nan, nan, nan, nan, nan, nan, nan, nan, nan, nan, nan
((BS +) ((BS +) ((CB +) (+ 1)))), nan, nan, nan, nan, nan, nan, nan, nan, nan, -8.451977403787739, -8.497240376911964, -8.10743223650062, -8.121008250573619, nan, -8.544719645742097
((CB +) (+ 1)), nan, nan, -7.335427247357863, -6.731372482274876, -7.211367836162128, -7.224729245730172, -6.968626786073734, -7.01417088158709, -6.993046829999791, -7.065683042667847, -7.110946015792075, -7.008819947832511, -7.1401789975618914, -7.283030518195387, -7.446107357073987
((SB *) ((SB ((BS +) +)) ((BS +) +))), nan, nan, nan, nan, nan, nan, nan, nan, nan, -8.451977403787739, -7.80409319635202, -7.8197501640488385, -7.833326178121837, -7.6195027548166, -7.446107357073987
((CB +) (* 0)), nan, -5.210279488860817, -5.725989334923763, -6.412918751156342, -6.700542212396137, -6.713903621964181, -6.745483234759523, -6.791027330272879, -6.7699032786855815, -6.842539491353637, -6.887802464477865, -6.903459432174684, -6.917035446247682, -6.926355574256655, -6.935281733307996
(((BS *) +) ((+ 1) 1)), nan, nan, -5.226337011755898, -4.741583790216759, -4.785215486712904, -4.977996230662019, -5.1951250854192415, -5.150568724181322, -5.122784299283793, -5.137313044645435, -5.1500741421347, -5.148067607117503, -5.133202042292047, -5.13328118044729, -5.105731887299506
((SB +) ((SB ((BS +) +)) ((BS *) +))), nan, nan, nan, -8.117666843394767, -7.904515016722073, -7.630194353838336, -7.949456039085459, -7.995000134598815, -7.973876083011517, -8.046512295679573, -8.0917752688038, -8.10743223650062, -7.833326178121837, -8.130328378582591, -8.139254537633931
((CC (BS +)) ((+ 1) 1)), nan, nan, -6.373151402241884, -7.154872243279127, -6.243176517704147, -6.275406905688875, -6.438919383931851, -6.487280655317292, -6.603089294865923, -6.652605512241849, -6.6971233544897695, -6.868047393951428, -6.737362897625304, -6.749836560650254, -6.756763697032444
((CS (BS +)) (((BS *) +) ((+ 1) 1))), nan, nan, nan, -7.154872243279127, -7.054106733920476, -7.086337121905204, -7.132066564491795, -6.957284284563027, -7.162705082801346, -6.989077748863062, -7.033595591110982, -7.050368950745383, -7.296978685560727, -7.086308797271467, -7.604061557419647
(* ((+ 1) 1)), nan, nan, -5.631802119864062, -5.2524094139827495, -5.296041110478894, -5.2656783031138, -5.1951250854192415, -5.150568724181322, -5.122784299283793, -5.137313044645435, -5.1500741421347, -5.148067607117503, -5.133202042292047, -5.13328118044729, -5.105731887299506
((CB +) (((BS *) +) 1)), nan, nan, nan, -7.019054554726658, -6.700542212396137, -6.713903621964181, -6.85084375041735, -7.01417088158709, -7.126578222624314, -6.947900007011463, -7.110946015792075, -7.260134376113416, -7.1401789975618914, -7.283030518195387, -7.291956677246729
(+ ((+ 1) 1)), nan, nan, -5.226337011755898, -5.2524094139827495, -5.296041110478894, -5.2656783031138, -5.1951250854192415, -5.150568724181322, -5.122784299283793, -5.137313044645435, -5.1500741421347, -5.148067607117503, -5.133202042292047, -5.13328118044729, -5.105731887299506
((BS +) ((BS +) ((BS +) ((SB ((BS *) +)) +)))), nan, nan, nan, nan, nan, nan, nan, nan, nan, -8.451977403787739, -7.80409319635202, -7.59660661273463, -7.610182626807627, -7.6195027548166, -7.628428913867942
((BS +) ((SB ((BS *) +)) +)), nan, nan, nan, -7.712201735286603, -7.393689392956082, -7.407050802524126, -7.661773966633677, -7.707318062147034, -7.463050459245527, -7.758830223227792, -7.398628088243855, -7.414285055940675, -7.427861070013673, -7.437181198022646, -7.446107357073987
((BS +) ((BS +) ((BS +) ((BS +) ((BS +) ((BS +) ((BS +) ((BS +) ((BS +) ((SB +) ((BS *) *))))))))))), nan, nan, nan, nan, nan, nan, nan, nan, nan, nan, nan, nan, -7.833326178121837, -7.437181198022646, -7.446107357073987
((BS +) ((BS +) ((BS +) ((BS +) ((BS +) ((BS +) ((BS +) ((SB +) ((BS *) *))))))))), nan, nan, nan, nan, nan, nan, nan, nan, nan, nan, -7.58094964503781, -7.260134376113416, -7.273710390186414, -7.283030518195387, -7.291956677246729
((BS +) ((BS +) ((BS +) ((BS +) ((BS +) ((SB +) ((BS *) *))))))), nan, nan, nan, nan, nan, nan, nan, nan, -7.126578222624314, -7.065683042667847, -8.497240376911964, -8.10743223650062, -7.022395961905508, -7.149499125570864, -7.040642248965823
((BS +) ((BS +) ((BS +) ((BS +) ((SB +) ((BS +) ((BS *) *))))))), nan, nan, nan, nan, nan, nan, nan, nan, nan, nan, -7.398628088243855, -7.260134376113416, nan, nan, nan
((BS +) ((BS +) ((BS +) ((SB +) ((BS *) *))))), nan, nan, nan, nan, nan, nan, -7.102158178698255, -8.40046524270698, -6.875263794343407, -7.065683042667847, -6.993162980135692, -7.126602983488895, -7.1401789975618914, -7.149499125570864, -8.544719645742097
((BS +) ((BS +) ((SB +) ((BS +) ((BS *) *))))), nan, nan, nan, nan, nan, nan, nan, -7.147702274211611, -8.379341191119682, -8.451977403787739, -8.497240376911964, -8.512897344608783, nan, nan, -7.446107357073987
((BS +) ((SB +) ((BS *) *))), nan, nan, nan, -6.864903874899399, -6.923685763710346, -8.323341534398281, -6.650173054955197, -6.608705773478924, -6.674593098881257, -6.7472293115493125, -6.79249228467354, -6.808149252370359, -6.821725266443357, -6.83104539445233, -6.839971553503672
((BS +) ((SB +) ((SB +) ((SB +) ((BS *) *))))), nan, nan, nan, nan, nan, nan, nan, nan, nan, -8.451977403787739, nan, -8.512897344608783, -8.526473358681782, -8.535793486690755, -8.544719645742097
((SB +) ((BS +) ((BS *) *))), nan, nan, -7.335427247357863, -6.864903874899399, -7.211367836162128, -6.531582065170227, -7.661773966633677, -7.707318062147034, -7.686194010559737, -7.758830223227792, -7.80409319635202, -7.8197501640488385, -7.833326178121837, -7.84264630613081, -7.8515724651821515
((BS +) ((BS +) ((SB +) ((BS *) ((BS +) +))))), nan, nan, nan, nan, nan, nan, nan, nan, nan, -8.451977403787739, -8.0917752688038, -8.10743223650062, -7.833326178121837, -8.130328378582591, -7.8515724651821515
((BS +) ((SB +) ((BS *) ((BS +) ((BS +) +))))), nan, nan, nan, nan, nan, nan, -7.661773966633677, -7.707318062147034, -7.973876083011517, -7.758830223227792, -7.80409319635202, -7.8197501640488385, -7.610182626807627, -7.437181198022646, -7.446107357073987
((BS +) ((SB +) ((SB +) ((SB +) ((BS *) +))))), nan, nan, nan, nan, nan, nan, nan, -8.40046524270698, -7.463050459245527, -7.535686671913583, -7.58094964503781, -7.8197501640488385, -7.833326178121837, -7.84264630613081, -7.8515724651821515
((SB +) ((BS *) ((BS +) +))), nan, nan, -7.335427247357863, -6.325907374166713, -6.700542212396137, -6.713903621964181, -6.968626786073734, -7.01417088158709, -6.875263794343407, -6.947900007011463, -7.110946015792075, -7.126602983488895, -7.1401789975618914, -7.149499125570864, -7.158425284622207
((BS +) ((BS +) ((BS +) ((CB +) (((CS (BS +)) (+ 1)) *))))), nan, nan, nan, nan, nan, nan, nan, -8.40046524270698, -7.686194010559737, -7.758830223227792, -7.80409319635202, -8.512897344608783, -8.526473358681782, nan, nan
((BS +) ((CB +) (((CS (BS +)) (+ 1)) *))), nan, nan, nan, -6.864903874899399, -6.700542212396137, -6.618593442159856, -6.650173054955197, -6.695717150468554, -6.7699032786855815, -6.947900007011463, -6.993162980135692, -7.008819947832511, -7.022395961905508, -7.031716089914481, -7.040642248965823
((SB *) *), nan, nan, -6.929962139249699, -7.424519662834822, nan, nan, nan, nan, nan, nan, nan, nan, nan, nan, nan
((BS +) ((BS +) ((BS +) ((SB *) ((BS +) ((BS +) ((BS +) ((BS +) ((BS +) +))))))))), nan, nan, nan, nan, nan, nan, nan, nan, nan, nan, nan, nan, -8.526473358681782, -8.535793486690755, -8.544719645742097
((BS +) ((SB *) ((BS +) ((BS +) ((BS +) ((BS +) ((BS +) +))))))), nan, nan, nan, nan, nan, nan, nan, nan, nan, nan, -8.497240376911964, -7.8197501640488385, -7.833326178121837, -7.84264630613081, -7.8515724651821515
((BS +) ((SB *) ((BS +) ((BS +) ((BS +) +))))), nan, nan, nan, nan, nan, nan, nan, nan, nan, nan, nan, -8.512897344608783, -8.121008250573619, -8.535793486690755, -8.139254537633931
((BS +) ((SB *) ((BS +) +))), nan, nan, nan, -8.117666843394767, -6.923685763710346, -6.9370471732783905, -6.968626786073734, -6.896387845930706, -6.993046829999791, -6.947900007011463, -7.110946015792075, -7.126602983488895, -7.273710390186414, -7.6195027548166, -7.8515724651821515
((BS +) ((SB *) ((SB +) ((BS +) ((SB +) +))))), nan, nan, nan, nan, nan, nan, nan, nan, nan, -8.451977403787739, -7.244477408416597, -7.126602983488895, -7.1401789975618914, -7.149499125570864, -7.158425284622207
((SB *) ((BS +) ((BS +) ((BS +) ((BS +) ((BS +) ((BS +) ((BS +) ((BS +) +))))))))), nan, nan, nan, nan, nan, nan, nan, nan, nan, nan, nan, nan, -8.526473358681782, -8.535793486690755, -8.544719645742097
((SB *) ((BS +) ((BS +) +))), nan, nan, nan, -7.712201735286603, -6.805902728053963, -6.9370471732783905, -7.102158178698255, -7.3018529540388695, -7.280728902451573, -7.535686671913583, -7.80409319635202, -7.8197501640488385, -8.121008250573619, -7.84264630613081, -7.8515724651821515
((SB *) ((SB +) ((SB +) +))), nan, nan, nan, -8.117666843394767, -6.923685763710346, -7.070578565902913, -7.2563088585255135, -7.3018529540388695, -7.280728902451573, -7.758830223227792, -7.58094964503781, -8.10743223650062, -8.526473358681782, -7.84264630613081, -7.8515724651821515
((SB *) +), nan, nan, -6.642280066797918, -6.731372482274876, -7.904515016722073, -8.323341534398281, -7.949456039085459, -8.40046524270698, -8.379341191119682, -8.046512295679573, -8.0917752688038, -8.10743223650062, -8.121008250573619, -7.84264630613081, -8.139254537633931
((BS +) ((BS +) ((BS +) ((BS +) ((CB +) (((CS (BS +)) (+ 1)) ((BS *) +))))))), nan, nan, nan, nan, nan, nan, nan, nan, nan, -8.451977403787739, -7.80409319635202, -7.59660661273463, -7.833326178121837, -8.130328378582591, -8.139254537633931
((BS +) ((BS +) ((CB +) (((CS (BS +)) (+ 1)) ((BS *) +))))), nan, nan, nan, nan, nan, nan, -7.661773966633677, -7.707318062147034, -7.126578222624314, -7.065683042667847, -7.110946015792075, -7.126602983488895, -7.1401789975618914, -7.149499125570864, -7.158425284622207
((CB +) (((CS (BS +)) (+ 1)) ((BS *) +))), nan, nan, -7.335427247357863, -6.171756694339454, -6.518220655602183, -6.45153935749669, -6.563161677965568, -6.695717150468554, -6.674593098881257, -6.7472293115493125, -6.79249228467354, -6.721137875380729, -6.734713889453728, -6.83104539445233, -6.839971553503672
((SB +) ((BS +) ((BS +) +))), nan, nan, nan, nan, -8.309980124830236, nan, nan, nan, nan, nan, nan, nan, nan, nan, nan
((SB +) +), nan, -4.804814380752653, -4.7327375619134795, -5.766291586231289, -6.169913961333966, -6.243899992718445, -6.340018126651359, -6.454555093651667, -6.364438170577417, -6.311911240291467, -6.3571742134156946, -6.372831181112514, -6.447031817001946, -6.456351945010919, -6.598809496686784
((SB +) *), nan, nan, nan, -8.117666843394767, -7.616832944270292, -8.323341534398281, -8.354921147193624, -8.40046524270698, -8.379341191119682, nan, nan, nan, nan, nan, nan
((((CS (BS +)) (+ 1)) +) ((+ 1) 1)), nan, nan, -5.8223204438621945, -4.343742607219254, -4.422979113155559, -4.286611165095473, -4.326832752035785, -4.268101707827916, -4.165671572889384, -4.171269669678796, -4.200031123455653, -4.212577034694839, -4.200270494666733, -4.2070730119157895, -4.227556788347863
((SB *) ((SB +) +)), nan, nan, -7.335427247357863, -6.731372482274876, -7.211367836162128, -7.224729245730172, -7.4386304153194684, -7.484174510832824, -7.280728902451573, -7.535686671913583, -7.58094964503781, -7.8197501640488385, -7.610182626807627, -7.84264630613081, -7.8515724651821515
((+ 1) ((+ 1) 1)), nan, nan, -3.486945528045158, -3.6328958495599086, -3.912153489389569, -3.9918116248748285, -4.114271310052113, -4.044958156513705, -4.088710531753255, -4.081118572684499, -3.999360427993502, -4.0038222208327285, -4.015128061531137, -3.9973524809337198, -4.004413237033654
1, -2.6390573296152584, -2.6353412672153427, -3.3209351139978, -3.849245557465659, -4.0090646027675945, -4.071598438267256, -4.049583334539464, -4.110098193194382, -4.055920999295493, -4.0311156168070275, -4.13036706756271, -4.128804488689989, -4.187748979695982, -4.219434499394335, -4.232173989091683
0, -2.6390573296152584, -3.8383361243593264, -4.7693859843079816, -4.790540219013338, -4.83716824464665, -4.733089416341862, -4.739925831683501, -4.736960767574754, -4.717319753758336, -4.708416545496671, -4.695664443569191, -4.685631999143251, -4.673848939725473, -4.6059877180387625, -4.66545194868548
((BS *) ((BS *) +)), nan, nan, -7.335427247357863, nan, nan, nan, nan, nan, nan, nan, nan, nan, nan, nan, nan
((BS +) ((BS +) ((BS +) ((BS +) ((BS +) ((BS +) ((BS +) ((BS +) +)))))))), nan, nan, nan, nan, nan, nan, nan, nan, nan, nan, nan, -8.10743223650062, -7.022395961905508, -6.926355574256655, -6.935281733307996
((BS +) ((BS +) ((BS +) ((BS +) ((BS +) ((BS +) +)))))), nan, nan, nan, nan, nan, nan, nan, nan, -8.379341191119682, -7.065683042667847, -6.993162980135692, -6.903459432174684, -6.917035446247682, -6.744034017462701, -6.672917468840505
((BS +) ((BS +) ((BS +) ((BS +) +)))), nan, nan, nan, nan, -7.616832944270292, -6.618593442159856, -6.483118970292032, -6.454555093651667, -6.507539014218091, -6.580175226886147, -6.6254382000103735, -6.721137875380729, -6.734713889453728, -6.744034017462701, -6.672917468840505
((BS +) ((BS +) +)), nan, nan, -5.725989334923763, -5.478609513779508, -5.7072904393858535, -5.758392176936744, -5.957025874395252, -6.20324066537076, -6.076756098125637, -6.372535862107902, -6.41779883523213, -6.4334558029289495, -6.654671181780191, -6.456351945010919, -6.598809496686784
((SB +) ((SB +) +)), nan, nan, -5.8313498505815895, -6.412918751156342, -7.211367836162128, -7.407050802524126, -7.4386304153194684, -7.484174510832824, -7.463050459245527, -7.535686671913583, -7.80409319635202, -7.8197501640488385, -7.833326178121837, -7.84264630613081, -7.8515724651821515
+, -2.6390573296152584, -2.778377601363509, -4.097793018690801, -4.5474048046255025, -4.6364504831408935, -4.642533980327215, -4.694596936724072, -4.688931684386754, -4.664134816079487, -4.705294803584043, -4.711266220206154, -4.728573762389387, -4.74497231725104, -4.737097353700732, -4.729311710830491
*, -2.6390573296152584, -3.2815873000292126, -4.292172937243949, -4.682844468553292, -4.863468587323814, -4.867705728457785, -4.877567240271654, -4.891415264606908, -4.865795919664637, -4.87179022370064, -4.897777304845641, -4.8883992474501605, -4.905287776840027, -4.907648117778201, -4.89678534680118
I, -2.6390573296152584, -3.034952986707272, -2.89591193827178, -2.8959119382717793, -2.9444389791664407, -2.94443897916644, -2.9444389791664407, -2.9444389791664403, -5.155204483180222, -5.15808176871502, -5.159866764890885, -5.160632306211202, -5.161270603093341, -5.1614773608611735, -5.161871574642029
((BS *) ((BS +) *)), nan, nan, nan, -8.117666843394767, -7.904515016722073, -7.630194353838336, -7.661773966633677, -7.707318062147034, -7.686194010559737, -7.535686671913583, -7.58094964503781, -7.59660661273463, -7.427861070013673, -7.437181198022646, -7.446107357073987
((BS +) ((BS *) *)), nan, nan, -6.419136515483708, -6.325907374166713, -6.438177947928646, -6.45153935749669, -6.483118970292032, -6.528663065805388, -6.507539014218091, -6.580175226886147, -6.6254382000103735, -6.641095167707193, -6.654671181780191, -6.663991309789164, -6.672917468840505
((BS +) ((BS +) ((BS +) ((BS *) *)))), nan, nan, nan, nan, nan, -7.407050802524126, -6.968626786073734, -6.896387845930706, -6.875263794343407, -6.947900007011463, -6.993162980135692, -6.903459432174684, -6.917035446247682, -6.926355574256655, -6.935281733307996
((BS +) ((BS +) ((BS +) ((BS +) ((BS +) ((BS *) *)))))), nan, nan, nan, nan, nan, nan, nan, nan, -7.973876083011517, -7.535686671913583, -7.244477408416597, -7.414285055940675, -7.427861070013673, -7.283030518195387, -7.291956677246729
((BS +) ((BS +) ((BS +) ((BS +) ((BS +) ((BS +) ((BS +) ((BS *) *)))))))), nan, nan, nan, nan, nan, nan, nan, nan, nan, nan, nan, -8.512897344608783, -8.526473358681782, -8.535793486690755, -8.544719645742097
((BS +) ((BS +) ((BS +) ((BS +) ((BS +) ((SB +) ((SB +) ((BS *) *)))))))), nan, nan, nan, nan, nan, nan, nan, nan, nan, nan, -8.0917752688038, -7.59660661273463, -7.610182626807627, -7.6195027548166, -7.628428913867942
((BS +) ((BS +) ((BS +) ((SB +) ((SB +) ((BS *) *)))))), nan, nan, nan, nan, nan, nan, nan, nan, -7.973876083011517, -7.353365115119629, -7.398628088243855, -7.414285055940675, -7.427861070013673, -7.437181198022646, -7.446107357073987
((BS +) ((SB +) ((SB +) ((BS *) *)))), nan, nan, nan, nan, nan, -7.630194353838336, -7.4386304153194684, -7.147702274211611, -7.126578222624314, -7.19921443529237, -7.244477408416597, -7.414285055940675, -7.427861070013673, -7.437181198022646, -7.446107357073987
((SB +) ((SB +) ((BS +) ((BS *) *)))), nan, nan, nan, -7.424519662834822, -7.616832944270292, nan, nan, nan, nan, nan, nan, nan, nan, nan, nan
((BS *) ((BS +) ((BS +) ((BS +) +)))), nan, nan, nan, -8.117666843394767, -7.393689392956082, -7.224729245730172, -7.2563088585255135, -7.3018529540388695, -7.463050459245527, -7.353365115119629, -7.398628088243855, -8.10743223650062, -8.121008250573619, -8.130328378582591, -8.544719645742097
((BS *) ((BS +) +)), nan, nan, -5.630679155119438, -6.412918751156342, -6.805902728053963, -6.9370471732783905, -6.745483234759523, -6.896387845930706, -6.7699032786855815, -7.065683042667847, -6.79249228467354, -6.903459432174684, -6.917035446247682, -6.83104539445233, -6.935281733307996
((BS +) ((BS *) ((BS +) ((BS +) +)))), nan, nan, nan, -6.864903874899399, -7.057217156334869, -6.9370471732783905, -6.968626786073734, -7.01417088158709, -6.993046829999791, -7.065683042667847, -7.244477408416597, -7.260134376113416, -7.273710390186414, -7.283030518195387, -7.291956677246729
((BS +) ((BS *) +)), nan, nan, -6.082664278862495, -6.245864666493176, -6.230538583150401, -6.308438513856016, -6.563161677965568, -6.608705773478924, -6.674593098881257, -6.7472293115493125, -6.993162980135692, -7.008819947832511, -7.1401789975618914, -7.149499125570864, -7.040642248965823
((BS +) ((BS +) ((BS *) ((BS +) +)))), nan, nan, nan, -7.712201735286603, -7.616832944270292, -7.630194353838336, -7.661773966633677, -7.707318062147034, -7.973876083011517, -8.046512295679573, -8.0917752688038, -8.10743223650062, -8.526473358681782, -7.6195027548166, -7.628428913867942
((BS +) ((BS +) ((SB +) ((SB +) ((BS *) ((BS +) +)))))), nan, nan, nan, nan, nan, nan, nan, nan, nan, -8.046512295679573, -7.80409319635202, -7.8197501640488385, -8.121008250573619, -8.130328378582591, -8.139254537633931
((BS +) ((SB +) ((BS *) ((SB +) +)))), nan, nan, nan, -7.712201735286603, -7.904515016722073, -7.630194353838336, -7.661773966633677, -7.995000134598815, nan, nan, nan, nan, nan, nan, nan
((BS +) ((SB +) ((SB +) ((BS *) +)))), nan, nan, nan, -7.424519662834822, -7.057217156334869, -7.224729245730172, -7.4386304153194684, -7.484174510832824, -7.280728902451573, -7.353365115119629, -7.58094964503781, -7.8197501640488385, -7.833326178121837, -7.84264630613081, -7.8515724651821515
((SB +) ((SB +) ((BS *) ((BS +) +)))), nan, nan, nan, -7.424519662834822, -7.211367836162128, -7.407050802524126, -7.661773966633677, -7.707318062147034, -7.973876083011517, -8.046512295679573, -8.0917752688038, -8.10743223650062, -8.121008250573619, -8.130328378582591, -8.139254537633931
((SB *) ((SB +) ((BS *) ((BS +) +)))), nan, nan, nan, -8.117666843394767, -8.309980124830236, -8.323341534398281, -8.354921147193624, -8.40046524270698, -8.379341191119682, -7.758830223227792, -8.0917752688038, -7.8197501640488385, -7.833326178121837, -8.130328378582591, -8.139254537633931
((SB *) ((SB +) ((BS +) ((BS *) *)))), nan, nan, nan, -8.117666843394767, -7.904515016722073, -7.917876426290117, -8.354921147193624, -8.40046524270698, -8.379341191119682, -8.046512295679573, -8.0917752688038, -8.10743223650062, -8.121008250573619, -8.130328378582591, -8.139254537633931
(BS ((BS +) +)), nan, nan, -5.183087027962081, -4.721969115181259, -4.718349168523786, -4.779913252603993, -5.198409160620432, -5.2514672451356965, -5.256732271793531, -5.101310830772798, -5.2941021995645645, -5.664074589625492, -5.676138141028814, -5.671619569935428, -5.7002525843829694
(BS ((BS *) +)), nan, nan, -5.742702815897504, -6.280113733227808, -6.276493786570335, -6.283990649380267, -6.297021449288542, -6.3500795338038065, -6.355344560461641, -6.487605191892689, -6.834547240511713, -7.273512502059591, -7.285576053462915, -7.281057482369529, -7.30969049681707
((CC (SB +)) ((+ 1) 1)), nan, nan, -6.373151402241884, nan, nan, nan, nan, nan, nan, nan, nan, nan, nan, nan, nan
((CS (BS +)) I), nan, nan, nan, nan, nan, nan, nan, nan, -7.450387155253127, -6.806756192069108, -6.445808926208864, -6.580365321499648, -6.603831505000782, -6.903987240477512, -6.756763697032444
((((BS *) +) 1) ((+ 1) 1)), nan, nan, -6.227785551970359, -4.631424679671035, -4.828444221263724, -4.663905396236941, -4.5304317072770255, -4.525930817130015, -4.34002496003416, -4.357371949312657, -4.382352680249608, -4.38778112371993, -4.406606927664561, -4.4512699724278315, -4.390075717845638
(CS (CB +)), nan, nan, -5.9287008474207665, -6.515324753942136, -6.400659423207216, -6.429985851047305, nan, nan, nan, nan, nan, nan, nan, nan, nan
((BS +) ((BS +) ((BS +) ((BS +) ((BS +) ((BS +) ((BS +) ((BS +) ((BS +) ((BS +) ((SB +) ((BB (+ 1)) ((BS *) *))))))))))))), nan, nan, nan, nan, nan, nan, nan, nan, nan, nan, nan, nan, nan, nan, -7.8515724651821515
((BS +) ((BS +) ((BS +) ((BS +) ((BS +) ((BS +) ((BS +) ((BS +) ((SB +) ((BB (+ 1)) ((BS *) *))))))))))), nan, nan, nan, nan, nan, nan, nan, nan, nan, nan, nan, nan, -7.610182626807627, -7.283030518195387, -7.291956677246729
((BS +) ((BS +) ((BS +) ((BS +) ((BS +) ((BS +) ((SB +) ((BB (+ 1)) ((BS *) *))))))))), nan, nan, nan, nan, nan, nan, nan, nan, nan, nan, -7.398628088243855, -7.126602983488895, -7.1401789975618914, -7.149499125570864, -7.158425284622207
((BS +) ((BS +) ((BS +) ((BS +) ((SB +) ((BB (+ 1)) ((BS *) *))))))), nan, nan, nan, nan, nan, nan, nan, nan, -7.280728902451573, -7.065683042667847, -7.110946015792075, -7.126602983488895, -7.1401789975618914, -7.149499125570864, -7.158425284622207
((BS +) ((BS +) ((SB +) ((BB (+ 1)) ((BS *) *))))), nan, nan, nan, nan, nan, nan, -6.968626786073734, -6.791027330272879, -6.7699032786855815, -6.842539491353637, -6.887802464477865, -7.008819947832511, -7.022395961905508, -7.031716089914481, -7.040642248965823
((SB +) ((BB (+ 1)) ((BS *) *))), nan, nan, nan, -6.864903874899399, -6.923685763710346, -6.713903621964181, -6.745483234759523, -6.791027330272879, -6.7699032786855815, -6.842539491353637, -6.887802464477865, -6.903459432174684, -6.917035446247682, -6.926355574256655, -6.935281733307996
((BS *) ((SS (SB +)) ((CS (BS +)) (+ 1)))), nan, nan, nan, -7.560337351387291, nan, nan, nan, nan, nan, nan, nan, nan, nan, nan, nan
((BB (+ 1)) ((BS *) *)), nan, nan, -7.335427247357863, -6.325907374166713, -6.518220655602183, -6.531582065170227, -6.563161677965568, -6.608705773478924, -6.5875817218916275, -6.660217934559683, -6.70548090768391, -6.721137875380729, -6.734713889453728, -6.744034017462701, -6.7529601765140415
((BS +) ((BS +) ((BB (+ 1)) ((BS *) *)))), nan, nan, nan, nan, nan, -6.9370471732783905, -6.745483234759523, -6.791027330272879, -6.7699032786855815, -6.842539491353637, -6.79249228467354, -6.903459432174684, -6.917035446247682, -6.926355574256655, -6.935281733307996
((BS +) ((BS +) ((BS +) ((BS +) ((BB (+ 1)) ((BS *) *)))))), nan, nan, nan, nan, nan, nan, nan, -7.995000134598815, -7.280728902451573, -6.947900007011463, -6.993162980135692, -7.008819947832511, -7.022395961905508, -7.031716089914481, -7.040642248965823
((BS +) ((BS +) ((BS +) ((BS +) ((BS +) ((BS +) ((BB (+ 1)) ((BS *) *)))))))), nan, nan, nan, nan, nan, nan, nan, nan, nan, nan, nan, nan, -8.121008250573619, -7.6195027548166, -7.8515724651821515
((BS +) ((BS +) ((BS +) ((BS +) ((BS +) ((BS +) ((BS +) ((BS +) ((BB (+ 1)) ((BS *) *)))))))))), nan, nan, nan, nan, nan, nan, nan, nan, nan, nan, nan, nan, nan, nan, -8.139254537633931
((BS *) ((BS ((BS +) +)) ((CS (BS +)) (+ 1)))), nan, nan, nan, -7.154872243279127, -7.747253914480422, nan, nan, nan, nan, nan, nan, nan, nan, nan, nan
(BB (+ 1)), nan, nan, -5.519559264583294, -5.181501444559698, -5.871028678462172, -5.8785255412721025, -5.891556341180378, -5.944614425695642, -5.949879452353477, -6.082140083784524, -6.141400059951769, -6.174900213391482, -6.186963764794806, -6.182445193701419, -6.211078208148961
(CB +), nan, -4.496513021098135, -4.356408454777614, -4.833194750291483, -4.772416389794062, -4.897696288260376, -5.118366452946896, -5.2514672451356965, -5.256732271793531, -5.388992903224579, -5.448252879391823, -5.481753032831537, -5.493816584234859, -5.489298013141474, -5.517931027589015
(CC (SB +)), nan, nan, -5.9287008474207665, -6.515324753942136, nan, nan, nan, nan, nan, nan, nan, nan, nan, nan, nan
(* 0), nan, -3.310889355440396, -5.226337011755898, -5.2524094139827495, -5.296041110478894, -5.2656783031138, -5.1951250854192415, -5.150568724181322, -5.122784299283793, -5.137313044645435, -5.1500741421347, -5.148067607117503, -5.133202042292047, -5.13328118044729, -5.105731887299506
((CB +) (((BS *) +) ((+ 1) 1))), nan, nan, nan, -7.712201735286603, -8.309980124830236, nan, nan, nan, nan, nan, nan, nan, nan, nan, nan
((CS (SB +)) (+ 1)), nan, nan, -5.862325778475894, -5.208962094223813, -5.395878657316945, -5.700042760785313, -5.810310724509476, -5.9276648673818695, -5.715786099865021, -6.295930568303117, -6.340448410551037, -6.261911590381112, -6.11832368921908, -6.210840059917567, -5.869460502031541
(+ 1), nan, -2.3300601024286705, -3.1468954700760614, -3.132145877782659, -3.175777574278804, -3.145414766913709, -3.115683543739406, -3.1136867969202826, -3.0859023720227534, -3.100431117384395, -3.0706326004548634, -3.068626065437668, -3.053760500612211, -3.0963992531862505, -3.1133017226093003
((BS +) ((BS +) ((CB +) (((BS *) *) ((+ 1) 1))))), nan, nan, nan, nan, nan, nan, nan, -7.3018529540388695, -6.993046829999791, -6.947900007011463, -6.887802464477865, -6.808149252370359, -6.734713889453728, -6.744034017462701, -6.672917468840505
((CB +) (((BS *) *) ((+ 1) 1))), nan, nan, nan, -7.019054554726658, -7.211367836162128, -6.9370471732783905, -6.968626786073734, -6.896387845930706, -6.993046829999791, -6.947900007011463, -7.110946015792075, -7.126602983488895, -7.1401789975618914, -7.149499125570864, -7.158425284622207
((CS (BS +)) (((BS *) +) 1)), nan, nan, nan, -7.560337351387291, -7.054106733920476, -7.086337121905204, -6.908923013177586, -6.620812047941814, -6.939561531487136, -6.806756192069108, -6.8512740343170275, -6.713896714124169, -6.737362897625304, -6.749836560650254, -6.756763697032444
(((BS *) +) 1), nan, nan, -4.938654939304117, -4.405111553595546, -4.448743250091691, -4.418380442726597, -4.347827225032039, -4.303270863794118, -4.275486438896589, -4.290015184258231, -4.302776281747496, -4.3007697467303005, -4.285904181904844, -4.285983320060087, -4.258434026912303
((CS (BS +)) (+ 1)), nan, -4.650663700925394, -3.267071071519028, -3.8840366794802157, -3.8971063127703633, -4.029980226534778, -4.174555503758002, -4.290056077981072, -4.359344701894812, -4.204066506624724, -4.23631425628083, -4.342318749643172, -4.313825194213596, -4.378258596169258, -4.426007727071702
((BS *) ((BS +) ((CS (BS +)) (+ 1)))), nan, nan, nan, -7.560337351387291, -7.341788806372257, -7.374019194356984, -6.908923013177586, -6.957284284563027, -7.450387155253127, -6.989077748863062, -7.544421214876973, -7.050368950745383, -7.073835134246517, -7.086308797271467, -7.093235933653657
((CS (BS *)) (+ 1)), nan, nan, -6.0854693297901035, -6.644046619513136, -6.648641625812313, -6.680872013797039, -6.908923013177586, -6.774962727769072, -6.603089294865923, -6.806756192069108, -6.6971233544897695, -6.713896714124169, -6.891513577452562, -6.749836560650254, -6.910914376859702
((BS ((BS +) +)) ((BS +) +)), nan, nan, nan, -7.712201735286603, -6.700542212396137, -6.713903621964181, -6.650173054955197, -6.791027330272879, -6.875263794343407, -6.7472293115493125, -6.70548090768391, -6.721137875380729, -6.821725266443357, -6.926355574256655, -6.935281733307996
((BS +) ((BS ((BS +) +)) ((SB *) ((SB +) +)))), nan, nan, nan, nan, -8.309980124830236, -7.070578565902913, -6.968626786073734, -7.01417088158709, -6.993046829999791, -7.19921443529237, -7.244477408416597, -7.126602983488895, -7.1401789975618914, -7.149499125570864, -7.158425284622207
(CS (SB +)), nan, nan, -5.9287008474207665, -6.515324753942136, -6.400659423207216, -6.429985851047305, -6.484792610850062, -6.568879299200171, -6.553095545820458, -6.623690864322308, -6.671319342533339, -6.698665019528671, -6.696871536270567, -6.632962965750527, -6.653869273869811
((BS *) ((BS ((BS +) +)) +)), nan, nan, nan, -8.117666843394767, -7.616832944270292, -7.630194353838336, -7.661773966633677, -7.484174510832824, -7.686194010559737, -7.758830223227792, -7.58094964503781, -7.414285055940675, -7.427861070013673, -7.437181198022646, -7.446107357073987
((BS ((BS +) +)) ((BS *) ((SB +) +))), nan, nan, nan, -8.117666843394767, nan, nan, nan, nan, nan, nan, nan, nan, nan, nan, nan
(CB ((CS (BS +)) (+ 1))), nan, nan, -5.9287008474207665, -6.515324753942136, -6.400659423207216, -6.429985851047305, -6.484792610850062, -6.568879299200171, -6.553095545820458, -6.623690864322308, -6.671319342533339, -6.698665019528671, -6.696871536270567, nan, nan
((BS +) ((SB *) ((BS ((BS +) +)) ((BS +) ((BS +) +))))), nan, nan, nan, nan, nan, nan, nan, nan, nan, nan, -8.497240376911964, -8.512897344608783, -8.526473358681782, -8.535793486690755, -8.544719645742097
((SB *) ((BS ((BS +) +)) ((BS +) +))), nan, nan, nan, nan, nan, nan, nan, nan, nan, -8.451977403787739, -8.0917752688038, -8.10743223650062, -7.833326178121837, -7.84264630613081, -8.139254537633931
((BS *) ((BB (+ 1)) ((CS (BS +)) (+ 1)))), nan, nan, nan, -6.867190170827346, -6.494490945985054, -6.393189941345259, -6.572450776556372, -6.957284284563027, -7.162705082801346, -7.212221300177272, -7.033595591110982, -6.713896714124169, -6.891513577452562, -6.903987240477512, -6.910914376859702
((CB ((CS (BS +)) (+ 1))) (+ 1)), nan, nan, -6.778616510350049, -6.1740429902674006, -5.955494445252367, -5.987724833237094, -6.438919383931851, -6.620812047941814, -6.603089294865923, -6.652605512241849, -6.8512740343170275, -7.050368950745383, -7.584660758012507, nan, nan
(SB +), nan, -3.3979007324300263, -3.6632612742176676, -3.555534230174388, -3.4884008777945894, -3.6272337426656076, -3.6759826251759615, -3.766081981371576, -3.8098132888572067, -3.9420739202882533, -4.001333896455497, -4.01541596403811, -3.9897391874585857, -4.003912749377353, -4.051593958795588
(SB *), nan, -4.091047912989971, -3.9509433466694484, -4.082889155891589, -4.366951281685897, -4.412188472478675, -4.387478944404104, -4.440537028919368, -4.650596468223216, -4.377391991546099, -4.377811467690409, -4.440299158003376, -4.39520429556675, -4.390685724473364, -4.391919764732791
SB, -2.6390573296152584, -3.206931061503149, -3.1928771026424565, -3.313649197798595, -3.273164342730279, -3.26802039719583, -3.2363214291804274, -3.205890222390039, -3.1518913373169144, -3.1530089677912096, -3.152738193815561, -3.1509908412584244, -3.14942863770069, -3.1217840029390223, -3.0922718670486558
SC, -2.6390573296152584, -3.034952986707272, -2.89591193827178, -2.8959119382717793, -2.9444389791664407, -2.94443897916644, -2.9444389791664407, -2.9444389791664403, -2.89591193827178, -2.8959119382717793, -2.8959119382717797, -2.8959119382717806, -2.895911938271778, -2.8959119382717797, -2.8959119382717797
SS, -2.6390573296152584, -3.034952986707272, -3.759764528399217, -4.324555261681492, -2.9444389791664407, -2.94443897916644, -2.9444389791664407, -2.9444389791664403, -2.89591193827178, -2.8959119382717793, -2.8959119382717797, -2.8959119382717806, -2.895911938271778, -2.8959119382717797, -2.8959119382717797
((SB *) ((BS *) +)), nan, nan, -6.929962139249699, -7.712201735286603, nan, nan, nan, nan, nan, nan, nan, nan, nan, nan, nan
((SB *) ((BS *) *)), nan, nan, -6.642280066797918, -7.712201735286603, nan, nan, nan, nan, nan, nan, nan, nan, nan, nan, nan
((BS +) ((BS +) ((CB +) (((CS (BS +)) (+ 1)) *)))), nan, nan, nan, nan, nan, -7.630194353838336, -7.4386304153194684, -7.484174510832824, -7.463050459245527, -7.353365115119629, -7.58094964503781, -7.414285055940675, -7.427861070013673, -7.437181198022646, -7.8515724651821515
((CB +) (((CS (BS +)) (+ 1)) *)), nan, nan, -7.335427247357863, -6.325907374166713, -6.518220655602183, -6.45153935749669, -6.483118970292032, -6.528663065805388, -6.507539014218091, -6.580175226886147, -6.6254382000103735, -6.641095167707193, -6.654671181780191, -6.663991309789164, -6.7529601765140415
((BS +) ((BS +) ((BS +) ((BS +) ((BS +) ((BS +) ((BS +) ((BS +) ((BS +) ((BS +) ((SB +) ((BS *) *)))))))))))), nan, nan, nan, nan, nan, nan, nan, nan, nan, nan, nan, nan, nan, -7.437181198022646, -7.446107357073987
((BS +) ((BS +) ((BS +) ((BS +) ((BS +) ((BS +) ((BS +) ((BS +) ((SB +) ((BS *) *)))))))))), nan, nan, nan, nan, nan, nan, nan, nan, nan, nan, nan, -7.414285055940675, -7.1401789975618914, -7.149499125570864, -7.158425284622207
((BS +) ((BS +) ((BS +) ((BS +) ((BS +) ((BS +) ((SB +) ((BS *) *)))))))), nan, nan, nan, nan, nan, nan, nan, nan, nan, -7.353365115119629, -7.110946015792075, -7.260134376113416, -7.1401789975618914, -7.149499125570864, -7.158425284622207
((BS +) ((BS +) ((BS +) ((BS +) ((SB +) ((BS *) *)))))), nan, nan, nan, nan, nan, nan, nan, -7.3018529540388695, -8.379341191119682, -8.451977403787739, -7.110946015792075, -7.126602983488895, -7.1401789975618914, -7.149499125570864, -7.158425284622207
((BS +) ((BS +) ((BS +) ((SB +) ((BS +) ((BS *) *)))))), nan, nan, nan, nan, nan, nan, nan, nan, -7.280728902451573, -7.19921443529237, -8.497240376911964, -8.512897344608783, nan, nan, nan
((BS +) ((BS +) ((SB +) ((BS *) *)))), nan, nan, nan, nan, nan, -7.224729245730172, -7.949456039085459, -6.896387845930706, -7.973876083011517, -8.046512295679573, -8.0917752688038, -8.10743223650062, -8.121008250573619, -8.535793486690755, -8.544719645742097
((BS +) ((SB +) ((BS +) ((BS *) *)))), nan, nan, nan, -7.019054554726658, -7.057217156334869, nan, -7.102158178698255, -7.995000134598815, -6.7699032786855815, -6.947900007011463, -6.993162980135692, -7.008819947832511, -7.273710390186414, -7.149499125570864, -7.040642248965823
((SB +) ((BS *) *)), nan, nan, -6.236814958689753, -6.171756694339454, -6.295077104287972, -6.377431385342968, -6.409010998138311, -6.454555093651667, -6.4334310420643686, -6.506067254732424, -6.551330227856653, -6.566987195553472, -6.580563209626469, -6.589883337635442, -6.598809496686784
((SB +) ((SB +) ((SB +) ((BS *) *)))), nan, nan, nan, -8.117666843394767, -7.904515016722073, -8.323341534398281, -7.949456039085459, -7.995000134598815, -7.973876083011517, -7.535686671913583, -7.80409319635202, -7.59660661273463, -7.610182626807627, -7.6195027548166, -7.628428913867942
((BS *) ((SB +) +)), nan, nan, -6.236814958689753, -6.412918751156342, -7.393689392956082, -7.407050802524126, -7.4386304153194684, -7.3018529540388695, -7.280728902451573, -7.353365115119629, -7.58094964503781, -7.59660661273463, -7.610182626807627, -7.6195027548166, -7.628428913867942
((BS +) ((BS +) ((BS +) ((SB +) ((BS *) ((BS +) +)))))), nan, nan, nan, nan, nan, nan, nan, nan, nan, nan, nan, nan, -8.526473358681782, -8.130328378582591, -8.139254537633931
((BS +) ((BS +) ((SB +) ((SB +) ((SB +) ((BS *) +)))))), nan, nan, nan, nan, nan, nan, nan, nan, nan, -8.451977403787739, -7.58094964503781, -7.414285055940675, -7.427861070013673, -7.437181198022646, -7.8515724651821515
((BS +) ((SB +) ((BS *) ((BS +) +)))), nan, nan, nan, -8.117666843394767, -7.393689392956082, -7.630194353838336, -7.661773966633677, -7.995000134598815, -7.686194010559737, -7.758830223227792, -8.0917752688038, -8.10743223650062, -7.610182626807627, -7.84264630613081, -7.628428913867942
((SB +) ((BS *) ((BS +) ((BS +) +)))), nan, nan, nan, -7.019054554726658, -7.211367836162128, -7.070578565902913, -6.85084375041735, -6.791027330272879, -6.7699032786855815, -6.947900007011463, -6.993162980135692, -6.903459432174684, -6.821725266443357, -6.744034017462701, -6.7529601765140415
((SB +) ((BS *) +)), nan, nan, -6.082664278862495, -6.171756694339454, -6.805902728053963, -6.9370471732783905, -7.102158178698255, -7.147702274211611, -7.126578222624314, -7.353365115119629, -7.244477408416597, -7.126602983488895, -7.427861070013673, -7.283030518195387, -6.935281733307996
((SB +) ((SB +) ((BS *) ((SB +) +)))), nan, nan, nan, -8.117666843394767, -7.393689392956082, -7.407050802524126, -7.4386304153194684, -8.40046524270698, -7.973876083011517, -8.046512295679573, -7.80409319635202, -8.10743223650062, -7.833326178121837, -8.535793486690755, -8.139254537633931
((SB +) ((SB +) ((SB +) ((BS *) +)))), nan, nan, nan, -7.424519662834822, -7.211367836162128, -7.407050802524126, -7.4386304153194684, -7.147702274211611, -7.280728902451573, -7.535686671913583, -7.58094964503781, -7.59660661273463, -7.610182626807627, -7.437181198022646, -7.628428913867942
((BS +) ((SB +) +)), nan, nan, -6.419136515483708, -6.613589446618493, -6.700542212396137, -7.630194353838336, -7.661773966633677, -7.995000134598815, -8.379341191119682, -8.451977403787739, -8.497240376911964, -8.512897344608783, -8.121008250573619, -8.130328378582591, -7.8515724651821515
((SB +) ((BS +) +)), nan, nan, -7.335427247357863, -6.508228930960667, -7.211367836162128, -7.070578565902913, -7.4386304153194684, -7.484174510832824, -7.280728902451573, -7.353365115119629, -8.0917752688038, -7.8197501640488385, -8.526473358681782, -8.130328378582591, -8.544719645742097
((BS +) ((BS +) ((SB *) ((BS +) ((BS +) ((BS +) ((BS +) ((BS +) +)))))))), nan, nan, nan, nan, nan, nan, nan, nan, nan, nan, nan, -8.512897344608783, -7.610182626807627, -7.6195027548166, -7.628428913867942
((BS +) ((BS +) ((SB *) ((BS +) ((BS +) ((BS +) +)))))), nan, nan, nan, nan, nan, nan, nan, nan, nan, nan, nan, nan, nan, nan, -8.544719645742097
((BS +) ((BS +) ((SB *) ((BS +) +)))), nan, nan, nan, nan, nan, nan, nan, -8.40046524270698, -7.973876083011517, -8.451977403787739, -8.497240376911964, -8.512897344608783, -8.526473358681782, -8.535793486690755, -8.139254537633931
((SB *) ((BS +) ((BS +) ((BS +) ((BS +) ((BS +) +)))))), nan, nan, nan, nan, nan, nan, nan, nan, nan, -8.451977403787739, -7.58094964503781, -7.59660661273463, -7.833326178121837, -7.84264630613081, -7.8515724651821515
((SB *) ((BS +) ((BS +) ((BS +) +)))), nan, nan, nan, -8.117666843394767, -6.805902728053963, -6.819264137622007, -6.968626786073734, -6.896387845930706, -7.126578222624314, -7.065683042667847, -7.110946015792075, -7.126602983488895, -7.022395961905508, -7.149499125570864, -7.158425284622207
((SB *) ((BS +) +)), nan, nan, -6.082664278862495, -6.412918751156342, -6.605232032591812, -6.618593442159856, -6.650173054955197, -6.695717150468554, -6.875263794343407, -7.535686671913583, -7.58094964503781, -8.10743223650062, -8.121008250573619, -7.84264630613081, -8.139254537633931
((SB *) ((SB +) ((BS +) ((SB +) +)))), nan, nan, nan, -8.117666843394767, -7.057217156334869, -7.070578565902913, -7.4386304153194684, -7.484174510832824, -7.686194010559737, -7.535686671913583, -7.398628088243855, -7.59660661273463, -7.610182626807627, -7.6195027548166, -7.628428913867942
((BS +) ((BS +) ((BS +) ((CB +) (((CS (BS +)) (+ 1)) ((BS *) +)))))), nan, nan, nan, nan, nan, nan, nan, nan, -7.973876083011517, -7.353365115119629, -7.58094964503781, -7.59660661273463, -7.610182626807627, -7.6195027548166, -7.628428913867942
((BS +) ((CB +) (((CS (BS +)) (+ 1)) ((BS *) +)))), nan, nan, nan, -7.019054554726658, -7.211367836162128, -7.224729245730172, -6.968626786073734, -7.01417088158709, -6.993046829999791, -7.19921443529237, -7.244477408416597, -7.260134376113416, -7.273710390186414, -7.283030518195387, -7.291956677246729
((BS +) ((BS +) ((BS +) ((BS +) ((BS +) ((BS +) ((BS +) ((BS +) ((BS +) +))))))))), nan, nan, nan, nan, nan, nan, nan, nan, nan, nan, nan, nan, -7.833326178121837, -7.6195027548166, -7.446107357073987
((BS +) ((BS +) ((BS +) ((BS +) ((BS +) ((BS +) ((BS +) +))))))), nan, nan, nan, nan, nan, nan, nan, nan, nan, -8.451977403787739, -6.993162980135692, -6.808149252370359, -6.654671181780191, -6.663991309789164, -6.7529601765140415
((BS +) ((BS +) ((BS +) ((BS +) ((BS +) +))))), nan, nan, nan, nan, nan, nan, -8.354921147193624, -6.896387845930706, -6.674593098881257, -6.580175226886147, -6.6254382000103735, -6.566987195553472, -6.580563209626469, -6.589883337635442, -6.529816625199833
((BS +) ((BS +) ((BS +) +))), nan, nan, -7.335427247357863, -6.171756694339454, -6.169913961333966, -6.072049735791786, -6.052336054199578, -6.097880149712934, -6.182116613783463, -6.254752826451519, -6.3571742134156946, -6.372831181112514, -6.329248781345563, -6.3957273231944844, -6.347495068405878
((BS +) +), nan, -5.210279488860817, -4.365012781788162, -5.073144405671344, -5.314247851276247, -5.32760926084429, -5.464549389297459, -5.538264361777511, -5.546127847063466, -5.618764059731522, -5.69387999600543, -5.740308622369003, -5.818423157579572, -5.827743285588546, -5.836669444639887
((SB +) ((BS +) ((SB +) +))), nan, nan, -7.335427247357863, -6.613589446618493, -7.057217156334869, -7.407050802524126, -7.2563088585255135, -7.3018529540388695, -7.463050459245527, -7.535686671913583, -7.398628088243855, -8.10743223650062, -7.833326178121837, -8.130328378582591, -7.8515724651821515
((BS +) *), nan, nan, -6.929962139249699, -6.864903874899399, -6.805902728053963, -6.819264137622007, -7.2563088585255135, -7.3018529540388695, -7.686194010559737, -7.758830223227792, -7.80409319635202, -7.414285055940675, -7.273710390186414, -7.6195027548166, -7.8515724651821515
(CS (BS *)), nan, nan, -5.9287008474207665, -6.515324753942136, -6.400659423207216, -6.429985851047305, -6.484792610850062, -6.568879299200171, -6.553095545820458, -6.623690864322308, -6.671319342533339, -6.698665019528671, -6.696871536270567, -6.632962965750527, -6.653869273869811
(CS (BS +)), nan, -4.091047912989971, -3.8492593057409303, -3.950375396480599, -3.915752773419216, -3.945079201259304, -3.999885961062061, -4.1709840264018005, -4.068188896032458, -4.097962220014052, -4.145590698225083, -4.172936375220416, -4.2119648864825665, -4.148056315962527, -4.168962624081811
((BS +) ((SB *) ((SB +) +))), nan, nan, nan, -8.117666843394767, -7.211367836162128, -7.224729245730172, -7.4386304153194684, -7.484174510832824, -7.463050459245527, -7.353365115119629, -7.398628088243855, -7.8197501640488385, -8.526473358681782, -8.535793486690755, -8.544719645742097
((SB *) ((SB +) ((BS +) +))), nan, nan, nan, -8.117666843394767, -7.057217156334869, -7.070578565902913, -7.2563088585255135, -7.3018529540388695, -7.686194010559737, -8.046512295679573, -8.0917752688038, -8.10743223650062, -8.121008250573619, -8.130328378582591, -8.139254537633931
((BS +) ((SB *) ((SB +) ((BS *) ((BS +) +))))), nan, nan, nan, nan, nan, nan, nan, nan, nan, -8.451977403787739, nan, -8.512897344608783, -8.526473358681782, nan, nan
((SB *) ((SB +) ((BS *) *))), nan, nan, nan, -8.117666843394767, nan, nan, nan, nan, nan, nan, nan, nan, nan, nan, nan
((SB +) ((CB +) (((CS (BS +)) (+ 1)) *))), nan, nan, nan, -7.424519662834822, -7.393689392956082, -7.917876426290117, -8.354921147193624, -8.40046524270698, -8.379341191119682, -8.046512295679573, -8.0917752688038, -8.10743223650062, -8.121008250573619, -8.130328378582591, -8.139254537633931
((BS *) *), nan, -4.804814380752653, -4.9375319745594926, -6.038225301714931, -6.364069975774924, -6.45153935749669, -6.483118970292032, -6.528663065805388, -6.507539014218091, -6.660217934559683, -6.6254382000103735, -6.641095167707193, -6.734713889453728, -6.744034017462701, -6.7529601765140415
((BS +) ((BS +) ((BS *) *))), nan, nan, nan, -7.712201735286603, -6.805902728053963, -6.618593442159856, -6.745483234759523, -6.791027330272879, -6.674593098881257, -6.7472293115493125, -6.79249228467354, -6.903459432174684, -6.917035446247682, -6.926355574256655, -6.839971553503672
((BS +) ((BS +) ((BS +) ((BS +) ((BS *) *))))), nan, nan, nan, nan, nan, nan, nan, -7.707318062147034, -6.7699032786855815, -7.19921443529237, -7.110946015792075, -7.126602983488895, -7.1401789975618914, -7.149499125570864, -7.158425284622207
((BS +) ((BS +) ((BS +) ((BS +) ((BS +) ((BS +) ((BS *) *))))))), nan, nan, nan, nan, nan, nan, nan, nan, nan, nan, -8.0917752688038, -7.8197501640488385, -7.427861070013673, -8.130328378582591, -7.8515724651821515
((BS +) ((BS +) ((BS +) ((BS +) ((BS +) ((BS +) ((SB +) ((SB +) ((BS *) *))))))))), nan, nan, nan, nan, nan, nan, nan, nan, nan, nan, nan, -8.512897344608783, -8.526473358681782, -8.535793486690755, -8.544719645742097
((BS +) ((BS +) ((BS +) ((BS +) ((SB +) ((SB +) ((BS *) *))))))), nan, nan, nan, nan, nan, nan, nan, nan, nan, -8.046512295679573, -7.58094964503781, -7.59660661273463, -7.610182626807627, -7.6195027548166, -7.628428913867942
((BS +) ((BS +) ((SB +) ((SB +) ((BS *) *))))), nan, nan, nan, nan, nan, nan, nan, -7.707318062147034, -7.280728902451573, -7.353365115119629, -7.398628088243855, -7.414285055940675, -7.610182626807627, -7.6195027548166, -7.628428913867942
((SB +) ((SB +) ((BS *) *))), nan, nan, -6.929962139249699, -6.864903874899399, -6.923685763710346, -6.819264137622007, -6.85084375041735, -6.896387845930706, -6.875263794343407, -6.947900007011463, -6.993162980135692, -7.008819947832511, -7.022395961905508, -7.031716089914481, -7.040642248965823
((BS *) ((BS +) ((BS +) +))), nan, nan, -7.335427247357863, -6.613589446618493, -6.805902728053963, -6.9370471732783905, -7.102158178698255, -7.147702274211611, -7.126578222624314, -7.353365115119629, -7.244477408416597, -7.260134376113416, -7.273710390186414, -7.283030518195387, -7.291956677246729
((BS *) +), nan, -5.210279488860817, -4.473226366428395, -5.478609513779508, -5.867633089461033, -5.925446261599911, -5.870014497405623, -5.915558592918979, -5.894434541331682, -5.926248759479482, -6.0123337271239645, -6.027990694820784, -6.041566708893782, -6.050886836902755, -6.146824372943726
((BS +) ((BS *) ((BS +) +))), nan, nan, -7.335427247357863, -6.613589446618493, -7.057217156334869, -6.819264137622007, -6.968626786073734, -7.147702274211611, -7.280728902451573, -7.535686671913583, -7.58094964503781, -7.59660661273463, -7.610182626807627, -7.437181198022646, -7.291956677246729
((BS +) ((BS +) ((BS *) ((BS +) ((BS +) +))))), nan, nan, nan, nan, nan, nan, nan, nan, nan, -8.451977403787739, -8.0917752688038, -8.10743223650062, -8.121008250573619, -8.535793486690755, -8.544719645742097
((BS +) ((BS +) ((BS *) +))), nan, nan, nan, nan, nan, -7.917876426290117, -7.102158178698255, -7.147702274211611, -6.993046829999791, -7.353365115119629, -7.58094964503781, -7.414285055940675, -7.833326178121837, -7.6195027548166, -7.8515724651821515
((BS +) ((BS +) ((BS +) ((BS *) ((BS +) +))))), nan, nan, nan, nan, nan, nan, nan, nan, nan, nan, nan, nan, nan, -8.535793486690755, -8.139254537633931
((BS +) ((SB +) ((SB +) ((BS *) ((BS +) +))))), nan, nan, nan, nan, nan, nan, nan, nan, -8.379341191119682, -7.758830223227792, -7.80409319635202, -7.8197501640488385, -7.833326178121837, -8.130328378582591, -8.139254537633931
((SB +) ((BS *) ((SB +) +))), nan, nan, -7.335427247357863, -6.412918751156342, -6.700542212396137, -6.819264137622007, -6.85084375041735, -7.147702274211611, -7.463050459245527, -7.353365115119629, -7.80409319635202, -7.8197501640488385, -7.610182626807627, -7.437181198022646, -7.628428913867942
((SB +) ((SB +) ((BS *) +))), nan, nan, -6.929962139249699, -6.613589446618493, -6.700542212396137, -6.9370471732783905, -7.102158178698255, -7.3018529540388695, -7.463050459245527, -7.353365115119629, -7.244477408416597, -7.260134376113416, -7.273710390186414, -7.283030518195387, -7.291956677246729
((CS (BS +)) (((BS +) +) ((+ 1) 1))), nan, nan, nan, -7.560337351387291, -6.494490945985054, -6.393189941345259, -6.438919383931851, -6.620812047941814, -6.603089294865923, -6.652605512241849, -6.445808926208864, -6.713896714124169, -6.603831505000782, -6.749836560650254, -6.623232304407922
(BS +), nan, -3.580222289223981, -3.7967926668421903, -3.539273709302608, -3.3060793210006345, -3.1059368190323218, -2.929725619302068, -2.8018999617930063, -2.6417724937573337, -2.5957848937820627, -2.534996827662071, -2.4818627491288825, -2.477465023478133, -2.464816326301497, -2.446009615677478
(BS *), nan, -3.3979007324300263, -4.184558197850954, -3.882218460429438, -4.136427623074065, -4.204549107700431, -4.282118428746277, -4.335176513261542, -4.340441539919377, -4.472702171350424, -4.5319621475176675, -4.565462300957382, -4.611427404036386, -4.642000152754271, -4.635541847390542
(((BS +) +) ((+ 1) 1)), nan, nan, -5.631802119864062, -5.2524094139827495, -5.296041110478894, -5.2656783031138, -5.1951250854192415, -5.150568724181322, -5.122784299283793, -5.137313044645435, -5.1500741421347, -5.148067607117503, -5.133202042292047, -5.13328118044729, -5.105731887299506
CS, -2.6390573296152584, -3.007827197746378, -3.5332209648390944, -3.313649197798595, -3.273164342730279, -3.26802039719583, -3.35090566374473, -3.451189483380284, -3.397417070142991, -3.398488539974845, -3.398228954111267, -3.396553730625637, -3.3950559111332863, -3.36853479727688, -3.340189629020887
CB, -2.6390573296152584, -3.787852683421245, -3.640091170060266, -3.551953290151967, -3.5155800306737612, -3.510663182755313, -3.48033929034821, -3.451189483380284, -3.397417070142991, -3.398488539974845, -3.398228954111267, -3.396553730625637, -3.3950559111332863, -3.519276367436179, -3.6705767898319097
CC, -2.6390573296152584, -3.034952986707272, -3.89573159833881, -3.8654251537565374, -4.311086917265299, -4.3074533881910755, -4.284941644400854, -4.263136923673632, -4.210669277782047, -4.211474641135233, -4.211279544775852, -4.210020198355959, -4.208893771785619, -4.188879754304064, -4.167346267499129
BC, -2.6390573296152584, -3.034952986707272, -2.89591193827178, -2.8959119382717793, -2.9444389791664407, -2.94443897916644, -2.9444389791664407, -2.9444389791664403, -2.89591193827178, -2.8959119382717793, -2.8959119382717797, -2.8959119382717806, -2.895911938271778, -2.8959119382717797, -2.8959119382717797
BB, -2.6390573296152584, -3.034952986707272, -4.4700873638743985, -4.324555261681492, -4.311086917265299, -4.3074533881910755, -4.284941644400854, -4.263136923673632, -4.210669277782047, -4.211474641135233, -4.211279544775852, -4.210020198355959, -4.208893771785619, -4.188879754304064, -4.167346267499129
BS, -2.6390573296152584, -3.206931061503149, -3.4366772774819494, -3.313649197798595, -3.273164342730279, -3.26802039719583, -3.2363214291804274, -3.205890222390039, -3.1518913373169144, -3.1530089677912096, -3.152738193815561, -3.1509908412584244, -3.14942863770069, -3.1217840029390223, -3.0922718670486558
((SB +) ((BB (+ 1)) *)), nan, nan, nan, nan, nan, -8.323341534398281, -8.354921147193624, nan, nan, nan, nan, nan, nan, nan, nan
((SS (SB +)) ((CS (BS +)) (+ 1))), nan, nan, -6.373151402241884, -7.154872243279127, nan, nan, nan, nan, nan, nan, nan, nan, nan, nan, nan
((BS +) ((BS +) ((BS +) ((BS +) ((BS +) ((BS +) ((BS +) ((BS +) ((BS +) ((SB +) ((BB (+ 1)) ((BS *) *)))))))))))), nan, nan, nan, nan, nan, nan, nan, nan, nan, nan, nan, nan, nan, -7.6195027548166, -7.291956677246729
((BS +) ((BS +) ((BS +) ((BS +) ((BS +) ((BS +) ((BS +) ((SB +) ((BB (+ 1)) ((BS *) *)))))))))), nan, nan, nan, nan, nan, nan, nan, nan, nan, nan, nan, -7.414285055940675, -7.1401789975618914, -7.149499125570864, -7.158425284622207
((BS +) ((BS +) ((BS +) ((BS +) ((BS +) ((SB +) ((BB (+ 1)) ((BS *) *)))))))), nan, nan, nan, nan, nan, nan, nan, nan, nan, -7.353365115119629, -7.110946015792075, -7.126602983488895, -7.1401789975618914, -7.149499125570864, -7.158425284622207
((BS +) ((BS +) ((BS +) ((SB +) ((BB (+ 1)) ((BS *) *)))))), nan, nan, nan, nan, nan, nan, nan, -7.147702274211611, -6.875263794343407, -6.947900007011463, -6.993162980135692, -7.008819947832511, -6.917035446247682, -6.926355574256655, -6.935281733307996
((BS +) ((SB +) ((BB (+ 1)) ((BS *) *)))), nan, nan, nan, nan, nan, -6.9370471732783905, -6.745483234759523, -6.791027330272879, -6.674593098881257, -6.842539491353637, -6.887802464477865, -6.808149252370359, -6.821725266443357, -6.83104539445233, -6.839971553503672
(CC (BS +)), nan, nan, -5.9287008474207665, -6.109859645833971, -6.400659423207216, -6.429985851047305, -6.484792610850062, -6.568879299200171, -6.553095545820458, -6.623690864322308, -6.671319342533339, -6.698665019528671, -6.696871536270567, -6.632962965750527, -6.653869273869811
((BS +) ((BB (+ 1)) ((BS *) *))), nan, nan, nan, -6.864903874899399, -6.805902728053963, -6.618593442159856, -6.650173054955197, -6.695717150468554, -6.674593098881257, -6.7472293115493125, -6.79249228467354, -6.808149252370359, -6.821725266443357, -6.83104539445233, -6.839971553503672
((BS +) ((BS +) ((BS +) ((BB (+ 1)) ((BS *) *))))), nan, nan, nan, nan, nan, nan, -7.102158178698255, -6.896387845930706, -6.875263794343407, -6.947900007011463, -6.993162980135692, -6.903459432174684, -6.917035446247682, -6.926355574256655, -6.839971553503672
((BS +) ((BS +) ((BS +) ((BS +) ((BS +) ((BB (+ 1)) ((BS *) *))))))), nan, nan, nan, nan, nan, nan, nan, nan, nan, -8.451977403787739, -8.497240376911964, -8.10743223650062, -7.610182626807627, -7.6195027548166, -7.628428913867942
((BS +) ((BS +) ((BS +) ((BS +) ((BS +) ((BS +) ((BS +) ((BB (+ 1)) ((BS *) *))))))))), nan, nan, nan, nan, nan, nan, nan, nan, nan, nan, nan, nan, nan, -8.130328378582591, -7.628428913867942
((SS (SB *)) ((CS (BS +)) (+ 1))), nan, nan, -6.778616510350049, nan, nan, nan, nan, nan, nan, nan, nan, nan, nan, nan, nan
((BB (+ 1)) *), nan, nan, nan, -7.424519662834822, -6.438177947928646, -6.126116957062062, -6.157696569857404, -6.260399079210709, -6.299899649439846, -6.437074383245473, -6.41779883523213, -6.641095167707193, -6.654671181780191, -6.663991309789164, -6.672917468840505
((BS ((BS +) +)) ((CS (BS +)) (+ 1))), nan, nan, -6.778616510350049, -6.867190170827346, -6.494490945985054, -6.275406905688875, -6.726601456383631, -6.487280655317292, -6.469557902241402, -7.212221300177272, -6.8512740343170275, -7.050368950745383, -6.603831505000782, -6.903987240477512, -6.910914376859702
(CB ((BS *) +)), nan, nan, -6.435849996457449, -6.973260913787754, -6.969640967130281, -6.9771378299402125, -6.990168629848488, -7.043226714363752, -7.048491741021587, -7.180752372452634, -7.240012348619878, -7.273512502059591, -7.285576053462915, -7.281057482369529, -7.30969049681707
((BS +) ((BS +) ((BS +) ((CB +) (((BS *) *) ((+ 1) 1)))))), nan, nan, nan, nan, nan, nan, nan, nan, -7.280728902451573, -7.065683042667847, -6.993162980135692, -7.008819947832511, -7.022395961905508, -7.031716089914481, -7.040642248965823
((BS +) ((CB +) (((BS *) *) ((+ 1) 1)))), nan, nan, nan, nan, nan, nan, -7.2563088585255135, -7.01417088158709, -6.875263794343407, -6.947900007011463, -6.993162980135692, -7.008819947832511, -7.022395961905508, -7.031716089914481, -7.040642248965823
((BS +) ((CS (BS +)) (+ 1))), nan, nan, -5.862325778475894, -5.363112774051072, -5.801343765425109, -5.764581281922884, -5.68514758155547, -5.676350439100963, -5.840949242819027, -6.113609011509163, -6.078084146083546, -6.174900213391482, -6.11832368921908, -5.923157987465787, -5.8123020881915926
((BS *) ((CS (BS +)) (+ 1))), nan, nan, -6.0854693297901035, -6.867190170827346, -7.054106733920476, -6.863193570590994, -6.908923013177586, -6.957284284563027, -6.7572399746931815, -6.652605512241849, -6.6971233544897695, -7.050368950745383, -6.891513577452562, -7.086308797271467, -6.910914376859702
((BS ((BS +) +)) ((SB *) ((SB +) +))), nan, nan, nan, -8.117666843394767, -7.057217156334869, -7.070578565902913, -6.968626786073734, -7.01417088158709, -6.993046829999791, -7.065683042667847, -7.110946015792075, -7.126602983488895, -7.1401789975618914, -7.149499125570864, -7.158425284622207
((BS ((BS +) +)) ((BS +) ((BS +) +))), nan, nan, nan, -8.117666843394767, -6.700542212396137, -6.531582065170227, -6.650173054955197, -6.695717150468554, -6.875263794343407, -6.660217934559683, -6.70548090768391, -6.808149252370359, -7.1401789975618914, -7.283030518195387, -7.158425284622207
((BS ((BS +) +)) +), nan, nan, -7.335427247357863, -6.171756694339454, -6.700542212396137, -6.9370471732783905, -6.650173054955197, -6.896387845930706, -6.875263794343407, -6.842539491353637, -6.993162980135692, -7.126602983488895, -7.022395961905508, -7.149499125570864, -7.291956677246729
((BS +) ((BS ((BS +) +)) ((BS +) +))), nan, nan, nan, nan, nan, -8.323341534398281, -6.85084375041735, -7.147702274211611, -6.993046829999791, -7.065683042667847, -7.244477408416597, -7.260134376113416, -7.1401789975618914, -7.031716089914481, -7.446107357073987
(SS (SB *)), nan, nan, -5.9287008474207665, nan, nan, nan, nan, nan, nan, nan, nan, nan, nan, nan, nan
(SS (SB +)), nan, nan, -5.9287008474207665, -6.515324753942136, nan, nan, nan, nan, nan, nan, nan, nan, nan, nan, nan
((BS ((BS +) +)) ((BS +) ((BS *) +))), nan, nan, nan, -8.117666843394767, -7.904515016722073, -8.323341534398281, -8.354921147193624, -8.40046524270698, -8.379341191119682, nan, nan, nan, nan, nan, nan
((SB *) ((BS ((BS +) +)) ((BS +) ((BS +) +)))), nan, nan, nan, nan, nan, nan, nan, nan, nan, -8.451977403787739, -7.80409319635202, -7.8197501640488385, -7.833326178121837, -7.84264630613081, -7.8515724651821515
((SB *) ((BS ((BS +) +)) +)), nan, nan, nan, -8.117666843394767, -7.616832944270292, -7.407050802524126, -7.4386304153194684, -7.995000134598815, -7.686194010559737, -8.451977403787739, -8.497240376911964, -8.512897344608783, -8.121008250573619, -8.535793486690755, -8.544719645742097
((SB *) ((BS +) ((BS ((BS +) +)) ((BS +) +)))), nan, nan, nan, nan, nan, nan, nan, nan, nan, -8.451977403787739, -8.0917752688038, -8.10743223650062, -8.121008250573619, -8.130328378582591, -8.139254537633931
(SB ((BS *) *)), nan, nan, -6.435849996457449, nan, nan, nan, nan, nan, nan, nan, nan, nan, nan, nan, nan
(SB ((BS *) +)), nan, nan, -5.742702815897504, -6.567795805679589, -6.969640967130281, -6.9771378299402125, -6.990168629848488, -7.043226714363752, -7.048491741021587, -7.180752372452634, -7.240012348619878, -7.273512502059591, -7.285576053462915, -7.281057482369529, -7.30969049681707
((BB (+ 1)) ((CS (BS +)) (+ 1))), nan, nan, -5.169178597915948, -4.5899228858175904, -4.4150494043052175, -4.447279792289945, -4.493009234876536, -4.472377634775027, -4.471462000015517, -4.439632577937491, -4.352574062396692, -4.329073522893151, -4.379207953476447, -4.405287268557177, -4.439993969046442
((BS *) ((CB ((CS (BS +)) (+ 1))) (+ 1))), nan, nan, nan, -7.154872243279127, -7.054106733920476, -7.086337121905204, -7.132066564491795, -7.180427835877237, -7.162705082801346, -7.212221300177272, -7.544421214876973, -7.966659682619537, nan, nan, nan
(SB ((BS +) +)), nan, nan, -5.337237707789339, -5.181501444559698, -5.871028678462172, -5.8785255412721025, -5.891556341180378, -5.944614425695642, -5.949879452353477, -6.082140083784524, -6.141400059951769, -6.174900213391482, -6.186963764794806, -6.182445193701419, -6.211078208148961
